Radionuclide,Max_Energy_MeV,Emission_Type,Half_Life,Time_Unit,Medical_Purpose,Max_Energy_MeV
Fm-252,97.7707,fission,25.39,h,Non-Medical,97.7707
Fm-254,97.523,fission,3.24,h,Non-Medical,97.523
Fm-255,97.4001,fission,20.07,h,Non-Medical,97.4001
Fm-256,97.2779,fission,157.6,m,Non-Medical,97.2779
Fm-257,97.1563,fission,100.5,d,Non-Medical,97.1563
Es-253,95.776,fission,20.47,d,Non-Medical,95.776
Es-254,95.6549,fission,275.7,d,Non-Medical,95.6549
Es-254m,95.6549,fission,39.3,h,Non-Medical,95.6549
Es-255,95.5345,fission,39.8,d,Non-Medical,95.5345
Cf-246,94.7725,fission,35.7,h,Non-Medical,94.7725
Cf-248,94.5269,fission,334,d,Non-Medical,94.5269
Cf-249,94.4051,fission,351,y,Non-Medical,94.4051
Cf-250,94.2839,fission,13.08,y,Non-Medical,94.2839
Cf-252,94.0435,fission,2.645,y,Non-Medical,94.0435
Cf-254,93.8056,fission,60.5,d,Non-Medical,93.8056
Cm-240,91.8139,fission,27,d,Non-Medical,91.8139
Cm-242,91.5703,fission,162.8,d,Non-Medical,91.5703
Cm-244,91.3294,fission,18.1,y,Non-Medical,91.3294
Cm-245,91.21,fission,8500,y,Non-Medical,91.21
Cm-246,91.0912,fission,4760,y,Non-Medical,91.0912
Cm-248,90.8555,fission,348000,y,Non-Medical,90.8555
Cm-250,90.6223,fission,8300,y,Non-Medical,90.6223
Pu-236,88.6535,fission,2.858,y,Non-Medical,88.6535
Pu-238,88.4147,fission,87.7,y,Non-Medical,88.4147
Pu-240,88.1786,fission,6564,y,Non-Medical,88.1786
Pu-242,87.9451,fission,375000,y,Non-Medical,87.9451
Pu-244,87.7142,fission,80000000,y,Non-Medical,87.7142
U-238,84.8461,fission,4468000000,y,Non-Medical,84.8461
Po-212m,11.6512,alpha,45.1,s,Non-Medical,11.6512
N-16,9,b-spectra,7.13,s,Non-Medical,9
Po-212,8.78508,alpha,2.99E-07,s,Non-Medical,8.78508
Rn-215,8.67445,alpha,2.3,us,Non-Medical,8.67445
Po-213,8.37658,alpha,4.20E-06,s,Medical - Daughter of Ac-225,8.37658
Rn-216,8.04805,alpha,4.50E-05,s,Non-Medical,8.04805
At-215,8.02575,alpha,0.0001,s,Non-Medical,8.02575
Ra-219,7.98927,alpha,10,ms,Non-Medical,7.98927
At-216,7.80013,alpha,0.0003,s,Non-Medical,7.80013
Cu-57,7.748,b-spectra,0.1963,s,Non-Medical,7.748
Rn-217,7.74015,alpha,0.00054,s,Non-Medical,7.74015
Po-214,7.68695,alpha,0.0001643,s,Non-Medical,7.68695
Cl-40,7.48,b-spectra,1.35,m,Non-Medical,7.48
Ra-220,7.45682,alpha,0.0179,s,Non-Medical,7.45682
Po-211,7.45004,alpha,0.516,s,Medical - Daughter of Ra-223,7.45004
Th-223,7.43118,alpha,0.6,s,Non-Medical,7.43118
Po-215,7.38628,alpha,0.001781,s,Medical - Daughter of Ra-223,7.38628
Fr-219,7.31188,alpha,0.02,s,Non-Medical,7.31188
Fm-251,7.30542,alpha,5.3,h,Non-Medical,7.30542
Cf-244,7.20887,alpha,19.4,m,Non-Medical,7.20887
Rh-94,7.17729,b-spectra,70.6,s,Non-Medical,7.17729
Th-224,7.17349,alpha,1.05,s,Non-Medical,7.17349
Rn-218,7.12926,alpha,0.035,s,Non-Medical,7.12926
Fm-253,7.08314,alpha,3,d,Non-Medical,7.08314
At-217,7.06916,alpha,0.0323,s,Medical - Daughter of Ac-225,7.06916
U-227,7.03346,alpha,1.1,m,Non-Medical,7.03346
Br-72,6.99599,b-spectra,78.6,s,Non-Medical,6.99599
Rn-219,6.81915,alpha,3.96,s,Medical - Therapy,6.81915
Es-249,6.77925,alpha,102.2,m,Non-Medical,6.77925
Po-216,6.77842,alpha,0.145,s,Non-Medical,6.77842
Ra-221,6.75932,alpha,28,s,Non-Medical,6.75932
At-218,6.74779,alpha,1.5,s,Non-Medical,6.74779
U-228,6.68456,alpha,9.1,m,Non-Medical,6.68456
Fr-220,6.67697,alpha,27.4,s,Non-Medical,6.67697
Ac-223,6.66135,alpha,2.1,m,Non-Medical,6.66135
Eu-142,6.648,b-spectra,2.34,s,Non-Medical,6.648
Bi-211,6.62304,alpha,2.14,m,Medical - Daughter of Ra-223,6.62304
Pu-232,6.60013,alpha,33.7,m,Non-Medical,6.60013
Rb-90,6.587,b-spectra,158,s,Non-Medical,6.587
Ra-222,6.56054,alpha,38,s,Non-Medical,6.56054
Cm-238,6.50965,alpha,2.4,h,Non-Medical,6.50965
Es-251,6.4918,alpha,33,h,Non-Medical,6.4918
Pa-227,6.46398,alpha,38.3,m,Non-Medical,6.46398
Fr-212,6.40622,alpha,20,m,Non-Medical,6.40622
K-46,6.371,b-spectra,105,s,Non-Medical,6.371
Bk-245,6.34905,alpha,4.94,d,Non-Medical,6.34905
Ho-150,6.347,b-spectra,76.8,s,Non-Medical,6.347
Fr-221,6.34065,alpha,4.9,m,Medical - Therapy,6.34065
Th-226,6.33724,alpha,30.57,m,Non-Medical,6.33724
Cf-247,6.31793,alpha,3.11,h,Non-Medical,6.31793
Rn-220,6.28815,alpha,55.6,s,Non-Medical,6.28815
Rn-212,6.26445,alpha,23.9,m,Non-Medical,6.26445
Rb-78,6.221,b-spectra,17.66,m,Non-Medical,6.221
Cs-140,6.219,b-spectra,63.7,s,Non-Medical,6.219
Ac-224,6.21385,alpha,2.78,h,Non-Medical,6.21385
At-219,6.20842,alpha,56,s,Non-Medical,6.20842
Pu-234,6.20207,alpha,8.8,h,Non-Medical,6.20207
Ga-64,6.1473,b-spectra,2.627,m,Non-Medical,6.1473
Rn-207,6.13023,alpha,9.25,m,Non-Medical,6.13023
Pa-228,6.12525,alpha,22,h,Non-Medical,6.12525
Bi-212,6.09001,alpha,60.55,m,Non-Medical,6.09001
Cm-241,6.08228,alpha,32.8,d,Non-Medical,6.08228
Cf-251,6.07673,alpha,900,y,Non-Medical,6.07673
Cm-243,6.06631,alpha,29.1,y,Non-Medical,6.06631
Am-237,6.04614,alpha,73,m,Non-Medical,6.04614
As-68,6.04178,b-spectra,151.6,s,Non-Medical,6.04178
Rn-210,6.04112,alpha,2.4,h,Non-Medical,6.04112
Rn-209,6.03909,alpha,28.5,m,Non-Medical,6.03909
Th-227,6.03805,alpha,18.68,d,Medical - Parent (Generator),6.03805
Tl-190,6.018,b-spectra,2.6,m,Non-Medical,6.018
Po-218,6.00241,alpha,3.1,m,Non-Medical,6.00241
Pm-136,6.0017,b-spectra,107,s,Non-Medical,6.0017
Cf-253,5.9811,alpha,17.81,d,Non-Medical,5.9811
At-204,5.9509,alpha,9.2,m,Non-Medical,5.9509
At-220,5.94288,alpha,3.71,m,Non-Medical,5.94288
Am-238,5.93842,alpha,98,m,Non-Medical,5.93842
At-205,5.90305,alpha,26.2,m,Non-Medical,5.90305
U-230,5.88841,alpha,20.8,d,Non-Medical,5.88841
Ra-223,5.87198,alpha,11.43,d,Medical - Therapy,5.87198
Bi-213,5.86959,alpha,45.59,m,Medical - Therapy,5.86959
At-211,5.86705,alpha,7.214,h,Medical - Therapy,5.86705
Rb-90m,5.86223,b-spectra,258,s,Non-Medical,5.86223
Rn-211,5.85087,alpha,14.6,h,Non-Medical,5.85087
Ac-225,5.82972,alpha,10,d,Medical - Therapy,5.82972
Am-239,5.82223,alpha,11.9,h,Non-Medical,5.82223
Pu-235,5.81032,alpha,25.3,m,Non-Medical,5.81032
Bk-247,5.79357,alpha,1380,y,Non-Medical,5.79357
At-206,5.76713,alpha,30.6,m,Non-Medical,5.76713
At-207,5.75748,alpha,1.8,h,Non-Medical,5.75748
Pa-229,5.734,alpha,1.5,d,Non-Medical,5.734
I-118,5.731,b-spectra,13.7,m,Non-Medical,5.731
Ra-224,5.68543,alpha,3.66,d,Non-Medical,5.68543
Tb-146,5.66549,b-spectra,23,s,Non-Medical,5.66549
K-44,5.659,b-spectra,22.13,m,Non-Medical,5.659
Pu-237,5.64994,alpha,45.2,d,Non-Medical,5.64994
At-209,5.64704,alpha,5.41,h,Non-Medical,5.64704
Ag-116,5.64649,b-spectra,2.68,m,Non-Medical,5.64649
At-208,5.64033,alpha,1.63,h,Non-Medical,5.64033
Am-241,5.54418,alpha,432.2,y,Non-Medical,5.54418
Np-233,5.53329,alpha,36.2,m,Non-Medical,5.53329
At-210,5.52426,alpha,8.1,h,Non-Medical,5.52426
Am-242m,5.5177,alpha,141,y,Non-Medical,5.5177
Bi-214,5.51587,alpha,19.9,m,Non-Medical,5.51587
Nb-88m,5.51091,b-spectra,7.78,m,Non-Medical,5.51091
Rn-222,5.48951,alpha,3.8235,d,Non-Medical,5.48951
U-231,5.48037,alpha,4.2,d,Non-Medical,5.48037
Fr-223,5.46217,alpha,22,m,Non-Medical,5.46217
Bk-249,5.43707,alpha,330,d,Non-Medical,5.43707
Th-228,5.42321,alpha,1.9116,y,Non-Medical,5.42321
Ag-100m,5.40781,b-spectra,2.24,m,Non-Medical,5.40781
Ac-226,5.39866,alpha,29.37,h,Non-Medical,5.39866
Po-203,5.38764,alpha,36.7,m,Non-Medical,5.38764
Am-240,5.37779,alpha,50.8,h,Non-Medical,5.37779
Po-204,5.37728,alpha,3.53,h,Non-Medical,5.37728
Am-243,5.34912,alpha,7370,y,Non-Medical,5.34912
Pa-230,5.34474,alpha,17.4,d,Non-Medical,5.34474
Sc-50,5.33421,b-spectra,102.5,s,Non-Medical,5.33421
Eu-144,5.328,b-spectra,10.2,s,Non-Medical,5.328
U-232,5.32023,alpha,68.9,y,Non-Medical,5.32023
Rb-88,5.316,b-spectra,17.78,m,Non-Medical,5.316
Co-62,5.315,b-spectra,1.5,m,Non-Medical,5.315
Po-210,5.30443,alpha,138.376,d,Non-Medical,5.30443
Cm-247,5.26527,alpha,15600000,y,Non-Medical,5.26527
Br-74m,5.26378,b-spectra,46,m,Non-Medical,5.26378
Br-74,5.25021,b-spectra,25.4,m,Non-Medical,5.25021
Tc-104,5.24198,b-spectra,18.3,m,Non-Medical,5.24198
Po-206,5.22301,alpha,8.8,d,Non-Medical,5.22301
Po-205,5.22005,alpha,1.66,h,Non-Medical,5.22005
Rb-78m,5.20972,b-spectra,5.74,m,Non-Medical,5.20972
Bi-210m,5.20781,alpha,3040000,y,Non-Medical,5.20781
Tc-91,5.198,b-spectra,3.14,m,Non-Medical,5.198
Y-84m,5.165,b-spectra,39.5,m,Non-Medical,5.165
Pu-239,5.1566,alpha,24110,y,Non-Medical,5.1566
Po-207,5.11544,alpha,5.8,h,Non-Medical,5.11544
Po-208,5.11514,alpha,2.898,y,Non-Medical,5.11514
Np-235,5.10318,alpha,396.1,d,Non-Medical,5.10318
Th-229,5.07777,alpha,7340,y,Non-Medical,5.07777
Ag-114,5.076,b-spectra,4.6,s,Non-Medical,5.076
Pm-140,5.068,b-spectra,9.2,s,Non-Medical,5.068
Pa-231,5.06067,alpha,32760,y,Non-Medical,5.06067
Pu-241,5.05473,alpha,14.35,y,Non-Medical,5.05473
Cu-60,5.048,gamma,23.7,m,Non-Medical,5.048
Te-113,5.048,b-spectra,1.7,m,Non-Medical,5.048
Ga-66,5.00562,gamma,9.49,h,Non-Medical,5.00562
Ta-170,4.9972,b-spectra,6.76,m,Non-Medical,4.9972
Sb-114,4.987,gamma,3.49,m,Non-Medical,4.987
Kr-89,4.986,b-spectra,3.15,m,Non-Medical,4.986
La-128,4.98459,b-spectra,5.18,m,Non-Medical,4.98459
Ac-227,4.95328,alpha,21.772,y,Non-Medical,4.95328
Ir-180,4.95035,b-spectra,1.5,m,Non-Medical,4.95035
Y-94,4.92,b-spectra,18.7,m,Non-Medical,4.92
Cl-38,4.9168,b-spectra,37.24,m,Non-Medical,4.9168
Pr-134m,4.91377,b-spectra,17,m,Non-Medical,4.91377
Au-186,4.90647,b-spectra,10.7,m,Non-Medical,4.90647
In-106m,4.89509,b-spectra,5.2,m,Non-Medical,4.89509
Cs-124,4.893,b-spectra,30.8,s,Non-Medical,4.893
K-38,4.8911,b-spectra,7.636,m,Non-Medical,4.8911
Po-209,4.88561,alpha,102,y,Non-Medical,4.88561
Pr-148,4.883,b-spectra,2.29,m,Non-Medical,4.883
Np-237,4.87378,alpha,2144000,y,Non-Medical,4.87378
In-106,4.8664,b-spectra,6.2,m,Non-Medical,4.8664
S-37,4.8653,b-spectra,5.05,m,Non-Medical,4.8653
In-103,4.8401,b-spectra,60,s,Non-Medical,4.8401
U-233,4.82477,alpha,159200,y,Non-Medical,4.82477
O-19,4.8196,b-spectra,26.464,s,Non-Medical,4.8196
Mn-52m,4.8154,gamma,21.1,m,Non-Medical,4.8154
Ra-226,4.78437,alpha,1600,y,Non-Medical,4.78437
Ga-74,4.77715,b-spectra,8.12,m,Non-Medical,4.77715
U-234,4.7754,alpha,245500,y,Non-Medical,4.7754
Gd-143m,4.75107,b-spectra,110,s,Non-Medical,4.75107
Tb-148,4.743,b-spectra,60,m,Non-Medical,4.743
Ca-49,4.7382,gamma,8.718,m,Non-Medical,4.7382
Eu-142m,4.736,b-spectra,1.223,m,Non-Medical,4.736
As-70,4.7,gamma,52.6,m,Non-Medical,4.7
Gd-145,4.6996,gamma,23,m,Non-Medical,4.6996
Rb-80,4.696,b-spectra,33.4,s,Non-Medical,4.696
Th-230,4.68699,alpha,75380,y,Non-Medical,4.68699
Tc-91m,4.68436,b-spectra,3.3,m,Non-Medical,4.68436
Bi-210,4.68183,alpha,5.013,d,Non-Medical,4.68183
Au-187,4.66497,alpha,8.4,m,Non-Medical,4.66497
Br-84,4.655,b-spectra,31.8,m,Non-Medical,4.655
Pb-194,4.64025,alpha,12,m,Non-Medical,4.64025
Mo-89,4.628,b-spectra,2.11,m,Non-Medical,4.628
Zn-61,4.615,b-spectra,89.1,s,Non-Medical,4.615
Br-76,4.6,gamma,16.2,h,Medical - Imaging,4.6
U-235,4.59901,alpha,704000000,y,Non-Medical,4.59901
I-120,4.593,b-spectra,81.6,m,Non-Medical,4.593
Rh-96m,4.59045,b-spectra,1.51,m,Non-Medical,4.59045
Ar-43,4.583,b-spectra,5.37,m,Non-Medical,4.583
Tb-150,4.5632,gamma,3.48,h,Non-Medical,4.5632
Np-236,4.53181,alpha,154000,y,Non-Medical,4.53181
Mn-58m,4.531,gamma,65.2,s,Non-Medical,4.531
Tc-102,4.526,b-spectra,5.28,s,Non-Medical,4.526
Rh-108,4.51,b-spectra,16.8,s,Non-Medical,4.51
La-142,4.504,b-spectra,91.1,m,Non-Medical,4.504
Pt-184,4.50189,alpha,17.3,m,Non-Medical,4.50189
Rb-89,4.496,b-spectra,15.15,m,Non-Medical,4.496
U-236,4.49485,alpha,23420000,y,Non-Medical,4.49485
Y-81,4.488,b-spectra,70.4,s,Non-Medical,4.488
Co-54m,4.47032,b-spectra,1.48,m,Non-Medical,4.47032
Cl-34,4.46928,b-spectra,1.5264,s,Non-Medical,4.46928
In-118,4.423,b-spectra,5,s,Non-Medical,4.423
Y-95,4.42,b-spectra,10.3,m,Non-Medical,4.42
Ir-182,4.41111,b-spectra,15,m,Non-Medical,4.41111
Ho-154,4.39442,b-spectra,11.76,m,Non-Medical,4.39442
Tl-210,4.394,b-spectra,1.3,m,Non-Medical,4.394
Nb-88,4.38829,b-spectra,14.5,m,Non-Medical,4.38829
Cs-121,4.378,b-spectra,155,s,Non-Medical,4.378
Tc-92,4.3701,gamma,4.25,m,Non-Medical,4.3701
Cd-101,4.3599,b-spectra,1.36,m,Non-Medical,4.3599
Tl-194,4.348,b-spectra,33,m,Non-Medical,4.348
In-108m,4.3428,gamma,39.6,m,Non-Medical,4.3428
Rh-95m,4.3365,gamma,1.96,m,Non-Medical,4.3365
Rb-77,4.324,b-spectra,3.77,m,Non-Medical,4.324
Tl-190m,4.31502,b-spectra,3.7,m,Non-Medical,4.31502
Sr-79,4.298,b-spectra,2.25,m,Non-Medical,4.298
La-130,4.28666,b-spectra,8.7,m,Non-Medical,4.28666
Pr-134,4.27412,b-spectra,11,m,Non-Medical,4.27412
Sb-116,4.27,gamma,15.8,m,Non-Medical,4.27
Eu-143,4.253,b-spectra,2.59,m,Non-Medical,4.253
Cs-121m,4.23902,b-spectra,122,s,Non-Medical,4.23902
Na-24,4.23796,gamma,14.959,h,Non-Medical,4.23796
Dy-150,4.235,alpha,7.17,m,Non-Medical,4.235
Pt-186,4.23193,alpha,2.08,h,Non-Medical,4.23193
Pr-146,4.22,b-spectra,24.15,m,Non-Medical,4.22
Cs-139,4.213,b-spectra,9.27,m,Non-Medical,4.213
As-78,4.212,b-spectra,90.7,m,Non-Medical,4.212
K-45,4.205,b-spectra,17.3,m,Non-Medical,4.205
Mo-91,4.1806,gamma,15.49,m,Non-Medical,4.1806
Pr-148m,4.1805,b-spectra,2.01,m,Non-Medical,4.1805
Rh-95,4.1756,gamma,5.02,m,Non-Medical,4.1756
Xe-137,4.173,b-spectra,3.818,m,Non-Medical,4.173
Er-154,4.16837,alpha,3.73,m,Non-Medical,4.16837
Ag-117,4.16,b-spectra,73.6,s,Non-Medical,4.16
Ag-99,4.14362,b-spectra,124,s,Non-Medical,4.14362
Sr-93,4.137,b-spectra,7.423,m,Non-Medical,4.137
Tc-94m,4.1362,gamma,52,m,Non-Medical,4.1362
O-14,4.12104,b-spectra,70.606,s,Non-Medical,4.12104
Pm-137m,4.1154,b-spectra,2.4,m,Non-Medical,4.1154
Cl-34m,4.11454,gamma,32,m,Non-Medical,4.11454
I-118m,4.0972,b-spectra,8.5,m,Non-Medical,4.0972
Ag-102m,4.0906,b-spectra,7.7,m,Non-Medical,4.0906
Gd-145m,4.082,b-spectra,85,s,Non-Medical,4.082
Cs-138,4.0801,gamma,33.41,m,Non-Medical,4.0801
Dy-151,4.06881,alpha,17.9,m,Non-Medical,4.06881
Sb-111,4.035,b-spectra,75,s,Non-Medical,4.035
Sn-130m,4.02684,b-spectra,1.7,m,Non-Medical,4.02684
Ho-153m,4.0129,alpha,9.3,m,Non-Medical,4.0129
Th-232,4.01236,alpha,14050000000,y,Non-Medical,4.01236
Ag-104m,4.009,gamma,33.5,m,Non-Medical,4.009
Nb-99m,4.0042,b-spectra,2.6,m,Non-Medical,4.0042
Tb-149m,4.00327,alpha,4.16,m,Non-Medical,4.00327
As-72,3.995,gamma,26,h,Non-Medical,3.995
Tb-149,3.96845,alpha,4.118,h,Medical - Therapy,3.96845
Nb-89,3.9655,gamma,2.03,h,Non-Medical,3.9655
Mo-91m,3.9604,b-spectra,64.6,s,Non-Medical,3.9604
Pm-154,3.96,b-spectra,1.73,m,Non-Medical,3.96
Ag-112,3.956,b-spectra,3.13,h,Non-Medical,3.956
Rb-82,3.956,gamma,1.273,m,Medical - Imaging,3.956
Pt-188,3.92169,alpha,10.2,d,Non-Medical,3.92169
Te-115,3.918,b-spectra,5.8,m,Non-Medical,3.918
Ho-153,3.91115,alpha,2.01,m,Non-Medical,3.91115
Se-83m,3.8975,b-spectra,70.1,s,Non-Medical,3.8975
Kr-87,3.887,b-spectra,76.3,m,Non-Medical,3.887
Tm-162,3.8776,gamma,21.7,m,Non-Medical,3.8776
Y-86,3.877,gamma,14.74,h,Medical - Imaging,3.877
Cu-62,3.8617,gamma,9.673,m,Non-Medical,3.8617
Tm-176,3.84802,b-spectra,1.85,m,Non-Medical,3.84802
Sm-139,3.82627,b-spectra,2.57,m,Non-Medical,3.82627
Ta-172,3.8152,gamma,36.8,m,Non-Medical,3.8152
Pm-154m,3.81316,b-spectra,2.68,m,Non-Medical,3.81316
Nb-87,3.8072,b-spectra,3.75,m,Non-Medical,3.8072
Cs-126,3.802,b-spectra,1.64,m,Non-Medical,3.802
P-30,3.7873,IE,2.498,m,Non-Medical,3.7873
Ta-186,3.77771,b-spectra,10.5,m,Non-Medical,3.77771
Cu-59,3.7776,b-spectra,81.5,s,Non-Medical,3.7776
Pm-142,3.776,b-spectra,40.5,s,Non-Medical,3.776
La-132,3.7756,gamma,4.8,h,Non-Medical,3.7756
V-52,3.772,gamma,3.743,m,Non-Medical,3.772
In-110m,3.7717,gamma,69.1,m,Non-Medical,3.7717
La-140,3.7619,b-spectra,1.6781,d,Non-Medical,3.7619
Se-71,3.758,b-spectra,4.74,m,Non-Medical,3.758
Ho-156,3.75381,b-spectra,56,m,Non-Medical,3.75381
Ge-67,3.727,gamma,18.9,m,Non-Medical,3.727
Ho-154m,3.72266,alpha,3.1,m,Non-Medical,3.72266
Pb-210,3.71973,alpha,22.2,y,Non-Medical,3.71973
Pr-136,3.709,gamma,13.1,m,Non-Medical,3.709
Ac-232,3.7,b-spectra,119,s,Non-Medical,3.7
In-105,3.69581,b-spectra,5.07,m,Non-Medical,3.69581
Nd-135,3.68653,b-spectra,12.4,m,Non-Medical,3.68653
In-121m,3.6786,b-spectra,3.88,m,Non-Medical,3.6786
Mn-50m,3.67605,b-spectra,1.75,m,Non-Medical,3.67605
Kr-75,3.67348,b-spectra,4.29,m,Non-Medical,3.67348
In-118m,3.6697,gamma,4.364,m,Non-Medical,3.6697
Au-190,3.652,gamma,42.8,m,Non-Medical,3.652
La-134,3.652,gamma,6.45,m,Non-Medical,3.652
Re-178,3.65195,b-spectra,13.2,m,Non-Medical,3.65195
Zr-85,3.6482,b-spectra,7.86,m,Non-Medical,3.6482
Tb-164,3.64778,b-spectra,3,m,Non-Medical,3.64778
Ta-174,3.6442,gamma,1.14,h,Non-Medical,3.6442
Tc-105,3.64,b-spectra,7.6,m,Non-Medical,3.64
Tb-147m,3.6396,b-spectra,1.87,m,Non-Medical,3.6396
Y-92,3.639,b-spectra,3.54,h,Non-Medical,3.639
Dy-152,3.62886,alpha,2.38,h,Non-Medical,3.62886
Co-56,3.6118,gamma,77.23,d,Non-Medical,3.6118
Sb-113,3.6056,gamma,6.67,m,Non-Medical,3.6056
Rh-97m,3.5743,gamma,46.2,m,Non-Medical,3.5743
Tb-152,3.5725,gamma,17.5,h,Non-Medical,3.5725
Br-73,3.5423,b-spectra,3.4,m,Non-Medical,3.5423
Rh-106,3.541,b-spectra,29.8,s,Non-Medical,3.541
Bi-216,3.5402,b-spectra,2.17,m,Non-Medical,3.5402
K-42,3.52545,b-spectra,12.36,h,Non-Medical,3.52545
Bi-202,3.5207,gamma,1.72,h,Non-Medical,3.5207
Sr-94,3.508,b-spectra,75.3,s,Non-Medical,3.508
Pd-97,3.5026,b-spectra,3.1,m,Non-Medical,3.5026
Pm-152,3.5,b-spectra,4.12,m,Non-Medical,3.5
Rh-97,3.4945,gamma,30.7,m,Non-Medical,3.4945
Cs-128,3.493,gamma,3.64,m,Non-Medical,3.493
Cd-119,3.48593,b-spectra,2.69,m,Non-Medical,3.48593
Pm-139,3.473,b-spectra,4.15,m,Non-Medical,3.473
Hg-207,3.4719,b-spectra,2.9,m,Non-Medical,3.4719
Tb-154,3.4679,gamma,21.5,h,Non-Medical,3.4679
Dy-153,3.4659,alpha,6.4,h,Non-Medical,3.4659
Rh-100,3.4648,gamma,20.8,h,Non-Medical,3.4648
Pm-150,3.454,b-spectra,2.68,h,Non-Medical,3.454
Y-83,3.447,b-spectra,7.08,m,Non-Medical,3.447
Cl-39,3.441,b-spectra,55.6,m,Non-Medical,3.441
Tc-102m,3.4404,b-spectra,4.35,m,Non-Medical,3.4404
Sb-130m,3.43195,b-spectra,6.3,m,Non-Medical,3.43195
Rh-96,3.4315,gamma,9.9,m,Non-Medical,3.4315
Sn-109,3.4273,gamma,18,m,Non-Medical,3.4273
Pr-138,3.415,b-spectra,1.45,m,Non-Medical,3.415
Ag-102,3.4065,gamma,12.9,m,Non-Medical,3.4065
La-143,3.4061,b-spectra,14.2,m,Non-Medical,3.4061
Eu-158,3.40549,b-spectra,45.9,m,Non-Medical,3.40549
Tb-151,3.40431,alpha,17.609,h,Non-Medical,3.40431
Nb-99,3.40349,b-spectra,15,s,Non-Medical,3.40349
Lu-170,3.385,gamma,2.012,d,Non-Medical,3.385
Sn-129,3.3848,b-spectra,2.23,m,Non-Medical,3.3848
Rh-98,3.3824,b-spectra,8.7,m,Non-Medical,3.3824
Mn-56,3.3696,gamma,2.5789,h,Non-Medical,3.3696
Fe-61,3.3649,gamma,5.98,m,Non-Medical,3.3649
Cs-138m,3.3632,b-spectra,2.91,m,Non-Medical,3.3632
Re-180,3.3407,gamma,2.44,m,Non-Medical,3.3407
Ga-72,3.3383,gamma,14.1,h,Non-Medical,3.3383
Gd-142,3.338,b-spectra,70.2,s,Non-Medical,3.338
Ho-170,3.32932,b-spectra,2.76,m,Non-Medical,3.32932
Nb-98m,3.3254,gamma,51.3,m,Non-Medical,3.3254
Pr-140,3.32,gamma,3.39,m,Non-Medical,3.32
Tm-164,3.3156,gamma,2,m,Non-Medical,3.3156
Se-83,3.31232,b-spectra,22.3,m,Non-Medical,3.31232
Tl-196,3.308,b-spectra,1.84,h,Non-Medical,3.308
Sc-44,3.30135,gamma,3.97,h,Non-Medical,3.30135
Tc-93m,3.2981,gamma,43.5,m,Non-Medical,3.2981
I-122,3.28897,gamma,3.63,m,Non-Medical,3.28897
Pm-152m,3.2795,b-spectra,7.52,m,Non-Medical,3.2795
Te-133m,3.27626,b-spectra,55.4,m,Non-Medical,3.27626
Co-62m,3.2711,gamma,13.91,m,Non-Medical,3.2711
Y-83m,3.24988,b-spectra,2.85,m,Non-Medical,3.24988
Fe-53,3.2488,gamma,8.51,m,Non-Medical,3.2488
Cd-103,3.245,gamma,7.3,m,Non-Medical,3.245
Ir-184,3.23523,b-spectra,3.09,h,Non-Medical,3.23523
Ba-141,3.23,b-spectra,18.27,m,Non-Medical,3.23
Xe-121,3.2295,gamma,40.1,m,Non-Medical,3.2295
Cd-119m,3.22306,b-spectra,2.2,m,Non-Medical,3.22306
Pm-140m,3.2215,b-spectra,5.95,m,Non-Medical,3.2215
Y-88,3.2197,gamma,106.65,d,Non-Medical,3.2197
Ir-196,3.209,b-spectra,52,s,Non-Medical,3.209
Sn-127,3.201,b-spectra,2.1,h,Non-Medical,3.201
Ag-101,3.1974,gamma,11.1,m,Non-Medical,3.1974
Cs-123,3.183,b-spectra,5.88,m,Non-Medical,3.183
Gd-148,3.18277,alpha,74.6,y,Non-Medical,3.18277
Pt-190,3.18056,alpha,6.50E+11,y,Non-Medical,3.18056
Ni-57,3.17728,gamma,35.6,h,Non-Medical,3.17728
Tl-198,3.1646,gamma,5.3,h,Non-Medical,3.1646
Au-192,3.158,gamma,4.94,h,Non-Medical,3.158
Te-115m,3.1576,b-spectra,6.7,m,Non-Medical,3.1576
Sm-141,3.1491,b-spectra,10.2,m,Non-Medical,3.1491
Br-82m,3.13855,b-spectra,6.13,m,Non-Medical,3.13855
I-120m,3.1368,b-spectra,53,m,Non-Medical,3.1368
Ru-92,3.133,gamma,3.65,m,Non-Medical,3.133
Ir-186,3.1322,gamma,16.64,h,Non-Medical,3.1322
Y-85m,3.13,gamma,4.86,h,Non-Medical,3.13
Ga-65,3.1143,gamma,15.2,m,Non-Medical,3.1143
Nb-90,3.114,gamma,14.6,h,Non-Medical,3.114
Co-55,3.1083,gamma,17.53,h,Non-Medical,3.1083
Zn-63,3.1007,gamma,38.47,m,Non-Medical,3.1007
Sm-141m,3.1004,b-spectra,22.6,m,Non-Medical,3.1004
Ag-115,3.1,b-spectra,20,m,Non-Medical,3.1
Ag-104,3.0978,gamma,69.2,m,Non-Medical,3.0978
Bi-197,3.08695,b-spectra,9.3,m,Non-Medical,3.08695
Eu-146,3.082,gamma,4.61,d,Non-Medical,3.082
Zn-60,3.075,b-spectra,2.38,m,Non-Medical,3.075
As-69,3.0585,gamma,15.23,m,Non-Medical,3.0585
Pm-141,3.0565,gamma,20.9,m,Non-Medical,3.0565
Fe-53m,3.0406,gamma,2.526,m,Non-Medical,3.0406
Tc-93,3.0258,gamma,2.75,h,Non-Medical,3.0258
Rb-79,3.0215,gamma,22.9,m,Non-Medical,3.0215
Bi-204,3.0114,gamma,11.22,h,Non-Medical,3.0114
Hf-167,3.008,b-spectra,2.05,m,Non-Medical,3.008
Sb-131,3.00775,b-spectra,23.03,m,Non-Medical,3.00775
Br-78,3.0059,gamma,6.46,m,Non-Medical,3.0059
In-107,3.005,gamma,32.4,m,Non-Medical,3.005
Ce-131,3.00178,b-spectra,10.2,m,Non-Medical,3.00178
Pr-144,2.9975,b-spectra,17.28,m,Non-Medical,2.9975
Ta-176,2.9954,gamma,8.09,h,Non-Medical,2.9954
Tb-148m,2.99221,b-spectra,2.2,m,Non-Medical,2.99221
I-124,2.9876,gamma,4.176,d,Medical - Imaging,2.9876
Pd-99,2.982,gamma,21.4,m,Non-Medical,2.982
As-76,2.962,b-spectra,1.0778,d,Non-Medical,2.962
Bi-200,2.95941,b-spectra,36.4,m,Non-Medical,2.95941
Tl-195,2.959,gamma,1.16,h,Non-Medical,2.959
Ar-44,2.9573,b-spectra,11.87,m,Non-Medical,2.9573
Au-202,2.95,b-spectra,28.8,s,Non-Medical,2.95
Bi-203,2.9454,gamma,11.76,h,Non-Medical,2.9454
Ac-230,2.94,b-spectra,122,s,Non-Medical,2.94
Ru-107,2.94,b-spectra,3.75,m,Non-Medical,2.94
Al-26,2.938,gamma,717000,y,Non-Medical,2.938
S-38,2.937,b-spectra,170.3,m,Non-Medical,2.937
Ir-186m,2.9202,gamma,1.92,h,Non-Medical,2.9202
Kr-88,2.913,b-spectra,2.84,h,Non-Medical,2.913
Sb-130,2.90885,b-spectra,39.5,m,Non-Medical,2.90885
Eu-147,2.90859,alpha,24.1,d,Non-Medical,2.90859
Sr-81,2.908,b-spectra,22.3,m,Non-Medical,2.908
Sb-133,2.90678,b-spectra,2.5,m,Non-Medical,2.90678
Sm-143,2.904,gamma,8.75,m,Non-Medical,2.904
Pa-236,2.8994,b-spectra,9.1,m,Non-Medical,2.8994
Y-93,2.893,b-spectra,10.18,h,Non-Medical,2.893
Ag-110,2.8922,b-spectra,24.6,s,Non-Medical,2.8922
Te-117,2.885,gamma,62,m,Non-Medical,2.885
Zr-87,2.883,gamma,1.68,h,Non-Medical,2.883
Dy-154,2.87041,alpha,3000000,y,Non-Medical,2.87041
Ce-133m,2.8634,gamma,4.9,h,Non-Medical,2.8634
Al-28,2.86289,b-spectra,2.2414,m,Non-Medical,2.86289
Tm-166,2.8614,gamma,7.7,h,Non-Medical,2.8614
Tb-165,2.85184,b-spectra,2.11,m,Non-Medical,2.85184
Tl-194m,2.8485,b-spectra,32.8,m,Non-Medical,2.8485
Gd-144,2.84,b-spectra,4.47,m,Non-Medical,2.84
I-134,2.84,gamma,52.5,m,Non-Medical,2.84
Nd-137,2.831,gamma,38.5,m,Non-Medical,2.831
Sc-42m,2.83079,b-spectra,62,s,Non-Medical,2.83079
Fr-224,2.83,b-spectra,3.33,m,Non-Medical,2.83
Te-133,2.8253,gamma,12.5,m,Non-Medical,2.8253
Ga-68,2.82173,gamma,67.71,m,Medical - Imaging,2.82173
Zn-71,2.819,b-spectra,2.45,m,Non-Medical,2.819
Lu-165,2.818,b-spectra,10.74,m,Non-Medical,2.818
Sb-124,2.808,gamma,60.2,d,Non-Medical,2.808
Re-190m,2.80211,b-spectra,3.2,h,Non-Medical,2.80211
V-47,2.7933,gamma,32.6,m,Non-Medical,2.7933
Lu-180,2.79145,b-spectra,5.7,m,Non-Medical,2.79145
Ta-173,2.7846,gamma,3.14,h,Non-Medical,2.7846
Ac-233,2.77,b-spectra,145,s,Non-Medical,2.77
I-130m,2.7626,gamma,8.84,m,Non-Medical,2.7626
Os-186,2.76127,alpha,2.00E+15,y,Non-Medical,2.76127
Bi-206,2.7596,gamma,6.243,d,Non-Medical,2.7596
I-132,2.7578,gamma,2.295,h,Non-Medical,2.7578
Pb-199,2.7519,gamma,90,m,Non-Medical,2.7519
Pb-195m,2.74522,b-spectra,15,m,Non-Medical,2.74522
Gd-150,2.73405,alpha,1790000,y,Non-Medical,2.73405
Sm-157,2.73,b-spectra,8.03,m,Non-Medical,2.73
Xe-138,2.72919,b-spectra,14.08,m,Non-Medical,2.72919
Cs-125,2.726,gamma,45,m,Non-Medical,2.726
Sn-127m,2.7144,b-spectra,4.13,m,Non-Medical,2.7144
Br-76m,2.71258,b-spectra,1.31,s,Non-Medical,2.71258
Sr-91,2.707,b-spectra,9.63,h,Non-Medical,2.707
Ag-106,2.7049,gamma,23.96,m,Non-Medical,2.7049
Np-242,2.7,b-spectra,2.2,m,Non-Medical,2.7
La-129,2.698,b-spectra,11.6,m,Non-Medical,2.698
Cu-69,2.6818,b-spectra,2.85,m,Non-Medical,2.6818
Tb-147,2.6814,gamma,1.64,h,Non-Medical,2.6814
Sb-118,2.6775,gamma,3.6,m,Non-Medical,2.6775
Mn-57,2.67659,b-spectra,85.4,s,Non-Medical,2.67659
In-119m,2.67537,b-spectra,18,m,Non-Medical,2.67537
In-108,2.6715,gamma,58,m,Non-Medical,2.6715
Rb-82m,2.67136,b-spectra,6.472,h,Non-Medical,2.67136
Pr-135,2.667,b-spectra,24,m,Non-Medical,2.667
Ho-168,2.66592,b-spectra,2.99,m,Non-Medical,2.66592
Cd-117m,2.6614,b-spectra,3.36,h,Non-Medical,2.6614
Cd-105,2.6604,gamma,55.5,m,Non-Medical,2.6604
Dy-149,2.65824,b-spectra,4.2,m,Non-Medical,2.65824
Os-181,2.647,gamma,105,m,Non-Medical,2.647
Cu-66,2.642,b-spectra,5.12,m,Non-Medical,2.642
Nb-89m,2.638,b-spectra,66,m,Non-Medical,2.638
Pr-147,2.63016,b-spectra,13.4,m,Non-Medical,2.63016
Ir-188,2.62245,gamma,41.5,h,Non-Medical,2.62245
Eu-148,2.62212,alpha,54.5,d,Non-Medical,2.62212
Mo-101,2.61648,b-spectra,14.61,m,Non-Medical,2.61648
Tl-208,2.61453,gamma,3.053,m,Non-Medical,2.61453
Hf-173,2.6131,gamma,23.6,h,Non-Medical,2.6131
Bi-208,2.61,gamma,368000,y,Non-Medical,2.61
Bi-205,2.6071,gamma,15.31,d,Non-Medical,2.6071
Cr-55,2.6031,b-spectra,3.497,m,Non-Medical,2.6031
Rh-109,2.591,b-spectra,80,s,Non-Medical,2.591
Sb-115,2.5898,gamma,32.1,m,Non-Medical,2.5898
Sb-128m,2.58285,b-spectra,10.4,m,Non-Medical,2.58285
Gd-151,2.58239,alpha,124,d,Non-Medical,2.58239
Xe-123,2.5803,gamma,2.08,h,Non-Medical,2.5803
Lu-181,2.57118,b-spectra,3.5,m,Non-Medical,2.57118
Pb-197,2.57,b-spectra,8,m,Non-Medical,2.57
Br-85,2.56512,b-spectra,2.9,m,Non-Medical,2.56512
Eu-145,2.5594,gamma,5.93,d,Non-Medical,2.5594
Lu-167,2.559,gamma,51.5,m,Non-Medical,2.559
Pb-202,2.54652,alpha,52500,y,Non-Medical,2.54652
Pr-137,2.51798,gamma,1.28,h,Non-Medical,2.51798
Se-73,2.51731,gamma,7.15,h,Non-Medical,2.51731
Tb-162,2.51,b-spectra,7.6,m,Non-Medical,2.51
Ge-77,2.50725,b-spectra,11.3,h,Non-Medical,2.50725
Co-60,2.50569,gamma,5.2713,y,Non-Medical,2.50569
Cs-130,2.5036,gamma,29.21,m,Non-Medical,2.5036
La-141,2.502,b-spectra,3.92,h,Non-Medical,2.502
Ar-41,2.49161,b-spectra,109.61,m,Non-Medical,2.49161
Zn-71m,2.4894,gamma,3.96,h,Non-Medical,2.4894
La-136,2.4854,gamma,9.87,m,Non-Medical,2.4854
Se-73m,2.48478,gamma,39.8,m,Non-Medical,2.48478
I-135,2.4771,gamma,6.57,h,Non-Medical,2.4771
Pm-148,2.468,b-spectra,5.368,d,Non-Medical,2.468
Ba-127,2.4678,gamma,12.7,m,Non-Medical,2.4678
Ce-145,2.46746,b-spectra,3.01,m,Non-Medical,2.46746
Sm-146,2.45967,alpha,103000000,y,Non-Medical,2.45967
Eu-156,2.451,b-spectra,15.19,d,Non-Medical,2.451
Au-194,2.4474,gamma,38.02,h,Non-Medical,2.4474
Ag-103,2.4465,gamma,65.7,m,Non-Medical,2.4465
Eu-159,2.44623,b-spectra,18.1,m,Non-Medical,2.44623
Nd-151,2.442,b-spectra,12.44,m,Non-Medical,2.442
Rh-104,2.441,b-spectra,42.3,s,Non-Medical,2.441
In-121,2.43942,b-spectra,23.1,s,Non-Medical,2.43942
Hf-174,2.43741,alpha,2.00E+15,y,Non-Medical,2.43741
V-53,2.42983,b-spectra,1.61,m,Non-Medical,2.42983
Er-159,2.429,gamma,36,m,Non-Medical,2.429
Al-29,2.42591,gamma,6.56,m,Non-Medical,2.42591
V-48,2.4218,gamma,15.9735,d,Non-Medical,2.4218
Te-131m,2.41525,b-spectra,30,h,Non-Medical,2.41525
Ru-95,2.4102,gamma,1.643,h,Non-Medical,2.4102
Yb-163,2.407,b-spectra,11.05,m,Non-Medical,2.407
Am-246m,2.406,b-spectra,25,m,Non-Medical,2.406
Te-114,2.4042,gamma,15.2,m,Non-Medical,2.4042
Bi-201,2.4032,gamma,108,m,Non-Medical,2.4032
I-134m,2.40219,b-spectra,3.6,m,Non-Medical,2.40219
Zr-89m,2.39852,b-spectra,4.161,m,Non-Medical,2.39852
Fr-227,2.38697,b-spectra,2.47,m,Non-Medical,2.38697
Tm-161,2.374,gamma,30.2,m,Non-Medical,2.374
Sn-125,2.363,b-spectra,9.64,d,Non-Medical,2.363
Sb-118m,2.361,gamma,5,h,Non-Medical,2.361
Te-119m,2.3604,gamma,4.7,d,Non-Medical,2.3604
Ir-183,2.33169,b-spectra,58,m,Non-Medical,2.33169
Sn-111,2.3233,gamma,35.3,m,Non-Medical,2.3233
Y-90m,2.31897,gamma,3.19,h,Non-Medical,2.31897
Ba-139,2.3168,b-spectra,83.06,m,Non-Medical,2.3168
Br-82,2.31608,b-spectra,35.3,h,Non-Medical,2.31608
Re-182m,2.316,gamma,12.7,h,Non-Medical,2.316
Mn-51,2.31252,gamma,46.2,m,Non-Medical,2.31252
Tl-200,2.2964,gamma,26.1,h,Non-Medical,2.2964
Er-173,2.29227,b-spectra,1.434,m,Non-Medical,2.29227
As-79,2.2809,b-spectra,9.01,m,Non-Medical,2.2809
Pb-197m,2.2807,b-spectra,43,m,Non-Medical,2.2807
Y-90,2.2801,b-spectra,64.1,h,Medical - Therapy,2.2801
Sb-129,2.2745,b-spectra,4.4,h,Non-Medical,2.2745
Tm-163,2.2745,gamma,1.81,h,Non-Medical,2.2745
Pa-234m,2.273,b-spectra,1.17,m,Non-Medical,2.273
La-131,2.27123,gamma,59,m,Non-Medical,2.27123
Lu-172,2.26502,gamma,6.7,d,Non-Medical,2.26502
Rh-102,2.2613,gamma,207,d,Non-Medical,2.2613
Pm-145,2.2579,alpha,17.7,y,Non-Medical,2.2579
Mn-52,2.25742,gamma,5.591,d,Non-Medical,2.25742
Pa-237,2.25,b-spectra,8.7,m,Non-Medical,2.25
Sm-147,2.24759,alpha,1.06E+11,y,Non-Medical,2.24759
Ir-194,2.2468,b-spectra,19.28,h,Non-Medical,2.2468
Ho-155,2.2413,gamma,48,m,Non-Medical,2.2413
Au-200,2.24,b-spectra,48.4,m,Non-Medical,2.24
Pr-138m,2.2364,gamma,2.12,h,Non-Medical,2.2364
Cr-49,2.2362,gamma,42.3,m,Non-Medical,2.2362
In-116m,2.2255,gamma,54.41,m,Non-Medical,2.2255
Ne-19,2.2164,b-spectra,17.22,s,Non-Medical,2.2164
Sm-143m,2.21299,b-spectra,66,s,Non-Medical,2.21299
Cd-117,2.2097,b-spectra,2.49,h,Non-Medical,2.2097
Np-240m,2.208,b-spectra,7.22,m,Non-Medical,2.208
Yb-165,2.2045,gamma,9.9,m,Non-Medical,2.2045
Br-84m,2.2034,b-spectra,6,m,Non-Medical,2.2034
Nd-139m,2.2012,gamma,5.5,h,Non-Medical,2.2012
As-74,2.1982,gamma,17.77,d,Non-Medical,2.1982
Lu-169,2.19149,gamma,34.06,h,Non-Medical,2.19149
Re-190,2.1655,gamma,3.1,m,Non-Medical,2.1655
Pr-142,2.1622,b-spectra,19.12,h,Non-Medical,2.1622
Mo-93m,2.1618,gamma,6.85,h,Non-Medical,2.1618
Co-60m,2.15877,gamma,10.467,m,Non-Medical,2.15877
Pd-111,2.15715,b-spectra,23.4,m,Non-Medical,2.15715
Ti-51,2.15342,b-spectra,5.76,m,Non-Medical,2.15342
Sr-83,2.14764,gamma,32.41,h,Non-Medical,2.14764
Gd-152,2.14655,alpha,1.08E+14,y,Non-Medical,2.14655
Tb-156,2.1384,gamma,5.35,d,Non-Medical,2.1384
Ni-65,2.1362,b-spectra,2.51719,h,Non-Medical,2.1362
I-119,2.13052,b-spectra,19.1,m,Non-Medical,2.13052
Kr-77,2.1291,gamma,74.4,m,Non-Medical,2.1291
Cu-61,2.124,gamma,3.333,h,Non-Medical,2.124
Re-188,2.1204,b-spectra,17.004,h,Medical - Therapy,2.1204
I-128,2.119,b-spectra,24.99,m,Non-Medical,2.119
Sn-125m,2.113,gamma,9.52,m,Non-Medical,2.113
Lu-178,2.0991,b-spectra,28.4,m,Non-Medical,2.0991
Dy-167,2.09066,b-spectra,6.2,m,Non-Medical,2.09066
Pr-139,2.09,gamma,4.41,h,Non-Medical,2.09
Ag-106m,2.084,gamma,8.28,d,Non-Medical,2.084
Te-131,2.08328,b-spectra,25,m,Non-Medical,2.08328
Pa-234,2.0722,gamma,6.7,h,Non-Medical,2.0722
Hg-191m,2.0698,b-spectra,50.8,m,Non-Medical,2.0698
Ac-228,2.06924,b-spectra,6.15,h,Non-Medical,2.06924
Rh-99,2.0592,gamma,16.1,d,Non-Medical,2.0592
Yb-179,2.0576,b-spectra,8,m,Non-Medical,2.0576
Ir-185,2.0497,gamma,14.4,h,Non-Medical,2.0497
Sb-128,2.04616,b-spectra,9.01,h,Non-Medical,2.04616
I-126,2.04509,gamma,12.93,d,Non-Medical,2.04509
Ge-69,2.0449,gamma,39.05,h,Non-Medical,2.0449
Fr-222,2.032,b-spectra,14.2,m,Non-Medical,2.032
Fe-62,2.0239,b-spectra,68,s,Non-Medical,2.0239
Sm-140,2.0175,gamma,14.82,m,Non-Medical,2.0175
Ag-113,2.016,b-spectra,5.37,h,Non-Medical,2.016
Hg-193,2.0146,gamma,3.8,h,Non-Medical,2.0146
Sc-46,2.01,gamma,83.79,d,Non-Medical,2.01
Br-75,2.008,b-spectra,96.7,m,Non-Medical,2.008
Ag-110m,2.0038,gamma,249.76,d,Non-Medical,2.0038
Br-80,2.001,b-spectra,17.68,m,Non-Medical,2.001
Y-85,1.99923,b-spectra,2.68,h,Non-Medical,1.99923
Ne-24,1.99779,b-spectra,3.38,m,Non-Medical,1.99779
Sc-49,1.994,b-spectra,57.2,m,Non-Medical,1.994
Ca-47,1.9919,b-spectra,4.536,d,Non-Medical,1.9919
In-114,1.9887,b-spectra,71.9,s,Non-Medical,1.9887
Gd-147,1.9867,gamma,38.1,h,Non-Medical,1.9867
Cs-132,1.98564,gamma,6.479,d,Non-Medical,1.98564
In-110,1.98277,gamma,4.9,h,Non-Medical,1.98277
Pt-187,1.981,b-spectra,2.35,h,Non-Medical,1.981
Sb-122,1.9786,b-spectra,2.7238,d,Non-Medical,1.9786
Cs-127,1.9734,gamma,6.25,h,Non-Medical,1.9734
As-71,1.96503,gamma,65.28,h,Non-Medical,1.96503
Hg-193m,1.9636,gamma,11.8,h,Non-Medical,1.9636
Eu-150m,1.963,gamma,12.8,h,Non-Medical,1.963
Ce-133,1.96074,b-spectra,97,m,Non-Medical,1.96074
Sn-108,1.9572,gamma,10.3,m,Non-Medical,1.9572
Tc-96m,1.9571,gamma,51.5,m,Non-Medical,1.9571
Cd-102,1.956,gamma,5.5,m,Non-Medical,1.956
Ba-142,1.9557,b-spectra,10.6,m,Non-Medical,1.9557
Dy-155,1.95476,gamma,9.9,h,Non-Medical,1.95476
Ba-129,1.9536,gamma,2.23,h,Non-Medical,1.9536
Os-183m,1.94813,gamma,9.9,h,Non-Medical,1.94813
Tl-209,1.94378,b-spectra,2.161,m,Medical - Daughter of Ac-225,1.94378
Sr-92,1.94,b-spectra,2.66,h,Non-Medical,1.94
Kr-74,1.93816,b-spectra,11.5,m,Non-Medical,1.93816
Np-232,1.936,gamma,14.7,m,Non-Medical,1.936
Sm-148,1.93229,alpha,7.00E+15,y,Non-Medical,1.93229
Sc-43,1.9307,gamma,3.891,h,Non-Medical,1.9307
Th-235,1.92,b-spectra,7.1,m,Non-Medical,1.92
Ru-105,1.916,b-spectra,4.44,h,Non-Medical,1.916
Os-183,1.91554,gamma,13,h,Non-Medical,1.91554
Sb-126m,1.9152,b-spectra,19.15,m,Non-Medical,1.9152
Zr-97,1.91495,b-spectra,16.744,h,Non-Medical,1.91495
Bi-215,1.9109,b-spectra,7.6,m,Non-Medical,1.9109
C-10,1.91068,b-spectra,19.255,s,Non-Medical,1.91068
Rb-81m,1.9026,gamma,30.5,m,Non-Medical,1.9026
Rb-84,1.89775,gamma,32.77,d,Non-Medical,1.89775
Sb-126,1.8969,b-spectra,12.35,d,Non-Medical,1.8969
Eu-154,1.895,gamma,8.593,y,Non-Medical,1.895
Np-240,1.89369,b-spectra,61.9,m,Non-Medical,1.89369
Ta-175,1.8918,gamma,10.5,h,Non-Medical,1.8918
I-121,1.8916,gamma,2.12,h,Non-Medical,1.8916
Ba-129m,1.8907,gamma,2.16,h,Non-Medical,1.8907
Rn-223,1.88712,b-spectra,24.3,m,Non-Medical,1.88712
La-133,1.8867,gamma,3.912,h,Non-Medical,1.8867
Pr-144m,1.8853,gamma,7.2,m,Non-Medical,1.8853
Tm-175,1.8853,b-spectra,15.2,m,Non-Medical,1.8853
Pm-153,1.881,b-spectra,5.25,m,Non-Medical,1.881
Tm-172,1.88,b-spectra,63.6,h,Non-Medical,1.88
Ac-231,1.87862,b-spectra,7.5,m,Non-Medical,1.87862
Te-119,1.8753,gamma,16.05,h,Non-Medical,1.8753
Rb-81,1.874,gamma,4.576,h,Non-Medical,1.874
Er-161,1.8678,gamma,3.21,h,Non-Medical,1.8678
Eu-152m,1.8644,b-spectra,9.3116,h,Non-Medical,1.8644
In-109,1.8606,gamma,4.2,h,Non-Medical,1.8606
Nd-141m,1.8554,gamma,62,s,Non-Medical,1.8554
Ho-166,1.8539,b-spectra,26.8,h,Medical - Therapy,1.8539
Nd-144,1.85224,alpha,2.29E+15,y,Non-Medical,1.85224
Ce-135,1.85,gamma,17.7,h,Non-Medical,1.85
Se-84,1.848,b-spectra,3.1,m,Non-Medical,1.848
Nb-92m,1.8475,gamma,10.15,d,Non-Medical,1.8475
Rh-106m,1.8406,gamma,131,m,Non-Medical,1.8406
Dy-148,1.8401,gamma,3.3,m,Non-Medical,1.8401
Hf-169,1.8351,b-spectra,3.24,m,Non-Medical,1.8351
Ti-52,1.83439,b-spectra,1.7,m,Non-Medical,1.83439
Eu-150,1.8333,gamma,36.9,y,Non-Medical,1.8333
Rh-100m,1.8275,gamma,4.6,m,Non-Medical,1.8275
Na-22,1.8202,b-spectra,2.6019,y,Non-Medical,1.8202
Ta-185,1.81809,b-spectra,49.4,m,Non-Medical,1.81809
Pt-189,1.8155,gamma,10.87,h,Non-Medical,1.8155
K-43,1.815,b-spectra,22.3,h,Non-Medical,1.815
Pb-201,1.8131,gamma,9.33,h,Non-Medical,1.8131
Re-179,1.80888,gamma,19.5,m,Non-Medical,1.80888
Yb-167,1.8078,gamma,17.5,m,Non-Medical,1.8078
Ho-162,1.806,gamma,15,m,Non-Medical,1.806
Ho-162m,1.806,gamma,67,m,Non-Medical,1.806
Pr-145,1.805,b-spectra,5.984,h,Non-Medical,1.805
Ti-45,1.801,gamma,184.8,m,Non-Medical,1.801
Pt-202,1.8,b-spectra,44,h,Non-Medical,1.8
Rh-104m,1.7932,gamma,4.34,m,Non-Medical,1.7932
Nd-139,1.789,b-spectra,29.7,m,Non-Medical,1.789
Ho-157,1.7886,gamma,12.6,m,Non-Medical,1.7886
Hf-183,1.78431,gamma,1.067,h,Non-Medical,1.78431
Bk-250,1.78,b-spectra,3.212,h,Non-Medical,1.78
Rb-86,1.7742,b-spectra,18.642,d,Non-Medical,1.7742
Ta-178,1.771,IE,9.31,m,Non-Medical,1.771
In-117m,1.7703,b-spectra,116.2,m,Non-Medical,1.7703
Bi-207,1.77023,gamma,32.9,y,Non-Medical,1.77023
Ge-66,1.7695,gamma,2.26,h,Non-Medical,1.7695
Eu-152,1.76909,gamma,13.537,y,Non-Medical,1.76909
Mg-27,1.76684,b-spectra,9.458,m,Non-Medical,1.76684
Tc-94,1.7656,gamma,293,m,Non-Medical,1.7656
La-132m,1.75648,b-spectra,24.3,m,Non-Medical,1.75648
Tb-160,1.74851,b-spectra,72.3,d,Non-Medical,1.74851
Zr-89,1.7445,gamma,78.41,h,Medical - Imaging,1.7445
Ag-113m,1.74441,b-spectra,68.7,s,Non-Medical,1.74441
I-130,1.74439,b-spectra,12.36,h,Non-Medical,1.74439
F-17,1.7388,b-spectra,64.49,s,Non-Medical,1.7388
Np-234,1.738,gamma,4.4,d,Non-Medical,1.738
Nd-134,1.7324,b-spectra,8.5,m,Non-Medical,1.7324
O-15,1.732,b-spectra,122.24,s,Medical - Imaging,1.732
Pd-101,1.7296,gamma,8.47,h,Non-Medical,1.7296
Fe-52,1.72757,gamma,8.275,h,Non-Medical,1.72757
Tb-152m,1.72304,b-spectra,4.2,m,Non-Medical,1.72304
Ta-182,1.71349,b-spectra,114.43,d,Non-Medical,1.71349
P-32,1.71066,b-spectra,14.263,d,Medical - Therapy,1.71066
Ba-124,1.708,gamma,11,m,Non-Medical,1.708
Pt-199,1.702,b-spectra,30.8,m,Non-Medical,1.702
Es-256,1.7,b-spectra,25.4,m,Non-Medical,1.7
Tl-197,1.69367,gamma,2.84,h,Non-Medical,1.69367
Xe-135m,1.69155,b-spectra,15.29,m,Non-Medical,1.69155
In-112,1.6835,gamma,14.97,m,Non-Medical,1.6835
Tc-95,1.683,gamma,20,h,Non-Medical,1.683
Co-58,1.67473,gamma,70.86,d,Non-Medical,1.67473
Sb-124m,1.66682,b-spectra,93,s,Non-Medical,1.66682
Tc-95m,1.66027,gamma,61,d,Non-Medical,1.66027
Sb-120,1.659,b-spectra,15.89,m,Non-Medical,1.659
Es-250m,1.6581,gamma,2.22,h,Non-Medical,1.6581
Nd-141,1.65704,gamma,2.49,h,Non-Medical,1.65704
Ga-70,1.656,b-spectra,21.14,m,Non-Medical,1.656
Sn-106,1.6521,b-spectra,1.92,m,Non-Medical,1.6521
Ag-108,1.649,b-spectra,2.37,m,Non-Medical,1.649
Tm-174,1.6315,gamma,5.4,m,Non-Medical,1.6315
Re-182,1.6314,gamma,64,h,Non-Medical,1.6314
Nb-97,1.62909,gamma,72.1,m,Non-Medical,1.62909
Sm-155,1.6271,b-spectra,22.3,m,Non-Medical,1.6271
Cd-115m,1.627,b-spectra,44.6,d,Non-Medical,1.627
Nb-96,1.6259,gamma,23.35,h,Non-Medical,1.6259
Tc-96,1.6257,gamma,4.28,d,Non-Medical,1.6257
Pd-96,1.6256,gamma,122,s,Non-Medical,1.6256
Am-247,1.62,b-spectra,23,m,Non-Medical,1.62
Mg-28,1.62,gamma,20.915,h,Non-Medical,1.62
Se-70,1.6188,gamma,41.1,m,Non-Medical,1.6188
Np-242m,1.6079,b-spectra,5.5,m,Non-Medical,1.6079
Ho-160,1.6064,gamma,25.6,m,Non-Medical,1.6064
Te-129m,1.6034,b-spectra,33.6,d,Non-Medical,1.6034
I-133,1.58994,gamma,20.8,h,Non-Medical,1.58994
Se-81,1.585,b-spectra,18.45,m,Non-Medical,1.585
Sb-117,1.578,gamma,2.8,h,Non-Medical,1.578
In-119,1.57699,b-spectra,2.4,m,Non-Medical,1.57699
Nd-149,1.57669,b-spectra,1.728,h,Non-Medical,1.57669
Kr-79,1.5737,gamma,35.04,h,Non-Medical,1.5737
Tm-168,1.5695,gamma,93.1,d,Non-Medical,1.5695
Fe-59,1.5652,b-spectra,44.495,d,Non-Medical,1.5652
Ho-166m,1.56257,gamma,1200,y,Non-Medical,1.56257
Xe-125,1.5624,gamma,16.9,h,Non-Medical,1.5624
Ni-56,1.5618,gamma,6.075,d,Non-Medical,1.5618
Ho-159,1.5556,gamma,33.05,m,Non-Medical,1.5556
V-50,1.55377,gamma,1.50E+17,y,Non-Medical,1.55377
Cs-136,1.5513,gamma,13.16,d,Non-Medical,1.5513
Y-91,1.5448,b-spectra,58.51,d,Non-Medical,1.5448
Re-181,1.538,gamma,19.9,h,Non-Medical,1.538
Tb-150m,1.5366,b-spectra,5.8,m,Non-Medical,1.5366
Tl-206,1.5335,b-spectra,4.2,m,Non-Medical,1.5335
Hg-205,1.533,b-spectra,5.2,m,Non-Medical,1.533
Bi-212n,1.5301,b-spectra,7,m,Non-Medical,1.5301
Ga-73,1.52626,b-spectra,4.86,h,Non-Medical,1.52626
Zn-62,1.5259,gamma,9.186,h,Non-Medical,1.5259
Ir-192m,1.51644,b-spectra,1.45,m,Non-Medical,1.51644
Am-244m,1.5159,b-spectra,26,m,Non-Medical,1.5159
Rh-107,1.511,b-spectra,21.7,m,Non-Medical,1.511
Pm-144,1.5106,gamma,363,d,Non-Medical,1.5106
Cr-56,1.507,b-spectra,5.94,m,Non-Medical,1.507
Sb-116m,1.50103,gamma,60.3,m,Non-Medical,1.50103
Rh-99m,1.4995,gamma,4.7,h,Non-Medical,1.4995
Tb-153,1.496,gamma,2.34,d,Non-Medical,1.496
Sr-89,1.4951,b-spectra,50.53,d,Medical - Therapy,1.4951
Ir-190,1.4949,gamma,11.78,d,Non-Medical,1.4949
Sb-127,1.49274,b-spectra,3.85,d,Non-Medical,1.49274
Er-171,1.4907,b-spectra,7.516,h,Non-Medical,1.4907
Si-31,1.4905,b-spectra,157.3,m,Non-Medical,1.4905
Nd-136,1.489,gamma,50.65,m,Non-Medical,1.489
I-132m,1.4849,b-spectra,1.387,h,Non-Medical,1.4849
Ir-196m,1.4825,gamma,1.4,h,Non-Medical,1.4825
Mo-90,1.4816,gamma,5.56,h,Non-Medical,1.4816
Y-86m,1.4808,b-spectra,48,m,Non-Medical,1.4808
Te-129,1.4701,b-spectra,69.6,m,Non-Medical,1.4701
Ce-143,1.4614,b-spectra,33.039,h,Non-Medical,1.4614
K-40,1.46082,gamma,1251000000,y,Non-Medical,1.46082
Cs-134,1.45378,b-spectra,2.0648,y,Non-Medical,1.45378
Pd-114,1.451,b-spectra,2.42,m,Non-Medical,1.451
Au-196,1.4463,gamma,6.183,d,Non-Medical,1.4463
Sn-130,1.44568,b-spectra,3.72,m,Non-Medical,1.44568
Hg-195,1.4432,gamma,10.53,h,Non-Medical,1.4432
Ta-184,1.44107,b-spectra,8.7,h,Non-Medical,1.44107
La-138,1.4358,gamma,1.02E+11,y,Non-Medical,1.4358
Ce-130,1.4313,gamma,22.9,m,Non-Medical,1.4313
Re-184,1.43096,gamma,38,d,Non-Medical,1.43096
Tm-165,1.4274,gamma,30.06,h,Non-Medical,1.4274
Tl-207,1.427,b-spectra,4.77,m,Medical - Daughter of Ra-223,1.427
Cm-251,1.42,b-spectra,16.8,m,Non-Medical,1.42
Pa-235,1.40696,b-spectra,24.5,m,Non-Medical,1.40696
W-177,1.4061,gamma,132,m,Non-Medical,1.4061
Lu-179,1.405,b-spectra,4.59,h,Non-Medical,1.405
Sn-123,1.4027,b-spectra,129.2,d,Non-Medical,1.4027
Yb-177,1.398,b-spectra,1.911,h,Non-Medical,1.398
Tl-198m,1.392,gamma,1.87,h,Non-Medical,1.392
Pb-202m,1.3828,gamma,3.53,h,Non-Medical,1.3828
Pb-211,1.379,b-spectra,36.1,m,Medical - Daughter of Ra-223,1.379
Ir-192,1.3782,gamma,73.827,d,Non-Medical,1.3782
Au-198,1.37239,b-spectra,2.69517,d,Non-Medical,1.37239
Tb-163,1.36312,b-spectra,19.5,m,Non-Medical,1.36312
Ru-108,1.35,b-spectra,4.55,m,Non-Medical,1.35
Cu-64,1.34577,gamma,12.7,h,Medical - Imaging,1.34577
Sm-142,1.345,gamma,72.49,m,Non-Medical,1.345
Pm-148m,1.3446,gamma,41.29,d,Non-Medical,1.3446
Ba-131,1.34188,gamma,11.5,d,Non-Medical,1.34188
Pa-232,1.337,b-spectra,1.31,d,Non-Medical,1.337
Cd-107,1.3258,gamma,6.5,h,Non-Medical,1.3258
Rh-102m,1.3236,gamma,3.742,y,Non-Medical,1.3236
Lu-174,1.3183,gamma,3.31,y,Non-Medical,1.3183
Lu-176m,1.3158,b-spectra,3.635,h,Non-Medical,1.3158
Dy-168,1.3128,b-spectra,8.7,m,Non-Medical,1.3128
W-187,1.3124,b-spectra,23.72,h,Non-Medical,1.3124
Sc-48,1.31212,gamma,43.67,h,Non-Medical,1.31212
Lu-171,1.31134,gamma,8.24,d,Non-Medical,1.31134
Hg-206,1.307,b-spectra,8.15,m,Non-Medical,1.307
Tc-101,1.30617,b-spectra,14.2,m,Non-Medical,1.30617
Au-191,1.3023,gamma,3.18,h,Non-Medical,1.3023
Np-241,1.30001,b-spectra,13.9,m,Non-Medical,1.30001
Eu-157,1.29908,b-spectra,15.18,h,Non-Medical,1.29908
Ra-227,1.29883,b-spectra,42.2,m,Non-Medical,1.29883
Tm-173,1.298,b-spectra,8.24,h,Non-Medical,1.298
Ba-126,1.293,gamma,100,m,Non-Medical,1.293
Dy-165,1.2867,b-spectra,2.334,h,Non-Medical,1.2867
Hg-195m,1.2864,gamma,41.6,h,Non-Medical,1.2864
Dy-157,1.2762,gamma,8.14,h,Non-Medical,1.2762
Pb-204m,1.274,gamma,67.2,m,Non-Medical,1.274
Sn-123m,1.26697,b-spectra,40.06,m,Non-Medical,1.26697
Lu-174m,1.26498,gamma,142,d,Non-Medical,1.26498
U-239,1.2635,b-spectra,23.45,m,Non-Medical,1.2635
Tb-151m,1.26284,b-spectra,25,s,Non-Medical,1.26284
Pd-98,1.2625,gamma,17.7,m,Non-Medical,1.2625
Au-201,1.26042,b-spectra,26,m,Non-Medical,1.26042
Co-61,1.25428,b-spectra,1.65,h,Non-Medical,1.25428
Np-238,1.24792,b-spectra,2.117,d,Non-Medical,1.24792
Gd-149,1.24641,gamma,9.28,d,Non-Medical,1.24641
Th-233,1.2435,b-spectra,22.3,m,Non-Medical,1.2435
Br-77,1.2305,gamma,57.036,h,Non-Medical,1.2305
Re-184m,1.22129,gamma,169,d,Non-Medical,1.22129
Tl-199,1.22116,gamma,7.42,h,Non-Medical,1.22116
Y-87m,1.22042,b-spectra,13.37,h,Non-Medical,1.22042
Nb-94m,1.21509,b-spectra,6.263,m,Non-Medical,1.21509
Mo-99,1.21452,b-spectra,65.94,h,Non-Medical,1.21452
Nb-91m,1.20467,gamma,60.86,d,Non-Medical,1.20467
U-242,1.20001,b-spectra,16.8,m,Non-Medical,1.20001
N-13,1.19849,b-spectra,9.965,m,Medical - Imaging,1.19849
Am-246,1.1974,b-spectra,39,m,Non-Medical,1.1974
Tb-158,1.18714,gamma,180,y,Non-Medical,1.18714
Pm-151,1.187,b-spectra,28.4,h,Non-Medical,1.187
Ge-75,1.1766,b-spectra,82.78,m,Non-Medical,1.1766
Cs-137,1.17563,b-spectra,30.1671,y,Non-Medical,1.17563
La-135,1.17389,gamma,19.5,h,Non-Medical,1.17389
Sb-120m,1.1717,gamma,5.76,d,Non-Medical,1.1717
Pu-245,1.1663,gamma,10.5,h,Non-Medical,1.1663
Nb-95m,1.16129,b-spectra,3.61,d,Non-Medical,1.16129
Ce-137,1.16085,gamma,9,h,Non-Medical,1.16085
Os-196,1.16,b-spectra,34.9,m,Non-Medical,1.16
Sc-44m,1.157,gamma,58.61,h,Non-Medical,1.157
Se-81m,1.15196,b-spectra,57.28,m,Non-Medical,1.15196
Te-121m,1.14465,gamma,154,d,Non-Medical,1.14465
Xe-120,1.1427,gamma,40,m,Non-Medical,1.1427
Os-193,1.1405,b-spectra,30.11,h,Non-Medical,1.1405
In-117,1.14042,b-spectra,43.2,m,Non-Medical,1.14042
Tl-206m,1.1399,gamma,3.74,m,Non-Medical,1.1399
Ag-105,1.1257,gamma,41.29,d,Non-Medical,1.1257
Zr-95,1.1248,b-spectra,64.032,d,Non-Medical,1.1248
Bk-246,1.1243,gamma,1.8,d,Non-Medical,1.1243
Au-193,1.124,gamma,17.65,h,Non-Medical,1.124
Zn-65,1.11554,gamma,244.06,d,Non-Medical,1.11554
Er-163,1.1135,gamma,75,m,Non-Medical,1.1135
Ir-187,1.11199,gamma,10.5,h,Non-Medical,1.11199
Hf-184,1.1116,b-spectra,4.12,h,Non-Medical,1.1116
Nd-152,1.11,b-spectra,11.4,m,Non-Medical,1.11
Th-236,1.11,b-spectra,37.5,m,Non-Medical,1.11
Cd-115,1.10974,b-spectra,53.46,h,Non-Medical,1.10974
Ir-195,1.107,b-spectra,2.5,h,Non-Medical,1.107
Ag-105m,1.09826,gamma,7.23,m,Non-Medical,1.09826
Bk-251,1.093,b-spectra,55.6,m,Non-Medical,1.093
Lu-178m,1.07543,b-spectra,23.1,m,Non-Medical,1.07543
Pm-149,1.071,b-spectra,53.08,h,Non-Medical,1.071
Kr-76,1.0703,gamma,14.8,h,Non-Medical,1.0703
Re-186,1.0695,b-spectra,3.7183,d,Medical - Therapy,1.0695
I-123,1.06812,gamma,13.27,h,Medical - Imaging,1.06812
Te-116,1.0646,gamma,2.49,h,Non-Medical,1.0646
Xe-135,1.06241,gamma,9.14,h,Non-Medical,1.06241
Ta-177,1.0578,gamma,56.56,h,Non-Medical,1.0578
Gd-162,1.04859,b-spectra,8.4,m,Non-Medical,1.04859
Ag-111,1.0368,b-spectra,7.45,d,Non-Medical,1.0368
Dy-165m,1.03329,b-spectra,1.257,m,Non-Medical,1.03329
Es-250,1.0285,gamma,8.6,h,Non-Medical,1.0285
Hf-181,1.0283,b-spectra,42.39,d,Non-Medical,1.0283
Pd-109,1.02786,b-spectra,13.7012,h,Non-Medical,1.02786
Te-134,1.027,gamma,41.8,m,Non-Medical,1.027
Pb-214,1.023,b-spectra,26.8,m,Non-Medical,1.023
Yb-164,1.0192,gamma,75.8,m,Non-Medical,1.0192
Ba-140,1.01703,b-spectra,12.752,d,Non-Medical,1.01703
Mo-102,1.014,b-spectra,11.3,m,Non-Medical,1.014
Ir-194m,1.0118,gamma,171,d,Non-Medical,1.0118
Re-189,1.008,b-spectra,24.3,h,Non-Medical,1.008
Ho-167,1.007,b-spectra,3.1,h,Non-Medical,1.007
Ce-137m,1.00449,gamma,34.4,h,Non-Medical,1.00449
Gd-159,0.9706,b-spectra,18.479,h,Non-Medical,0.9706
Ru-97,0.96965,gamma,2.9,d,Non-Medical,0.96965
Tm-170,0.968,b-spectra,128.6,d,Non-Medical,0.968
Br-83,0.96359,b-spectra,2.4,h,Non-Medical,0.96359
Ho-164,0.9628,b-spectra,29,m,Non-Medical,0.9628
C-11,0.9602,b-spectra,20.39,m,Medical - Imaging,0.9602
Tl-202,0.9597,gamma,12.23,d,Non-Medical,0.9597
Pb-196,0.9541,gamma,37,m,Non-Medical,0.9541
Hf-182m,0.9529,gamma,61.5,m,Non-Medical,0.9529
Sr-85,0.951,gamma,64.84,d,Non-Medical,0.951
W-190,0.9503,b-spectra,30,m,Non-Medical,0.9503
Ir-195m,0.94762,b-spectra,3.8,h,Non-Medical,0.94762
Cs-129,0.946046,gamma,32.06,h,Non-Medical,0.946046
Pt-191,0.93533,gamma,2.802,d,Non-Medical,0.93533
Nb-92,0.9345,gamma,34700000,y,Non-Medical,0.9345
Pr-143,0.9339,b-spectra,13.57,d,Non-Medical,0.9339
Os-185,0.931057,gamma,93.6,d,Non-Medical,0.931057
Nb-95,0.9256,b-spectra,34.991,d,Non-Medical,0.9256
Hf-170,0.9231,gamma,16.01,h,Non-Medical,0.9231
Sr-85m,0.9198,gamma,67.63,m,Non-Medical,0.9198
Y-89m,0.90896,gamma,15.663,s,Non-Medical,0.90896
Zn-69,0.906,b-spectra,56.4,m,Non-Medical,0.906
Au-200m,0.90423,gamma,18.7,h,Non-Medical,0.90423
Am-244,0.897848,gamma,10.1,h,Non-Medical,0.897848
Nd-147,0.8953,b-spectra,10.98,d,Non-Medical,0.8953
Am-245,0.8947,b-spectra,2.05,h,Non-Medical,0.8947
Er-172,0.894,gamma,49.3,h,Non-Medical,0.894
Cm-249,0.8922,b-spectra,64.15,m,Non-Medical,0.8922
Ru-94,0.8912,gamma,51.8,m,Non-Medical,0.8912
Ga-67,0.887693,gamma,3.2612,d,Medical - Imaging,0.887693
Nb-94,0.871091,gamma,20300,y,Non-Medical,0.871091
Bk-248m,0.87,b-spectra,23.7,h,Non-Medical,0.87
Pb-198,0.8653,gamma,2.4,h,Non-Medical,0.8653
Yb-162,0.85671,gamma,18.87,m,Non-Medical,0.85671
Ag-111m,0.85124,b-spectra,64.8,s,Non-Medical,0.85124
Cs-135m,0.8461,gamma,53,m,Non-Medical,0.8461
Sr-80,0.842,b-spectra,106.3,m,Non-Medical,0.842
Kr-85m,0.84108,b-spectra,4.48,h,Non-Medical,0.84108
Mn-54,0.834848,gamma,312.12,d,Non-Medical,0.834848
In-115m,0.83124,b-spectra,4.486,h,Non-Medical,0.83124
Se-75,0.8216,gamma,119.779,d,Non-Medical,0.8216
Ce-132,0.82034,gamma,3.51,h,Non-Medical,0.82034
Sm-153,0.8082,b-spectra,46.5,h,Medical - Therapy,0.8082
I-131,0.80687,b-spectra,8.0207,d,Medical - Imaging,0.80687
Rb-83,0.79937,gamma,86.2,d,Non-Medical,0.79937
Pm-146,0.79476,b-spectra,5.53,y,Non-Medical,0.79476
Ho-161,0.79068,gamma,2.48,h,Non-Medical,0.79068
Yb-169,0.78164,gamma,32.026,d,Non-Medical,0.78164
Zn-69m,0.77074,b-spectra,13.76,h,Non-Medical,0.77074
Tl-204,0.7637,b-spectra,3.78,y,Non-Medical,0.7637
Ru-103,0.7634,b-spectra,39.26,d,Non-Medical,0.7634
Tc-98,0.74535,gamma,4200000,y,Non-Medical,0.74535
Pm-143,0.74198,gamma,265,d,Non-Medical,0.74198
Sb-125,0.7298,gamma,2.75856,y,Non-Medical,0.7298
Te-127m,0.72862,b-spectra,109,d,Non-Medical,0.72862
Os-182,0.72698,gamma,22.1,h,Non-Medical,0.72698
In-114m,0.72524,gamma,49.51,d,Non-Medical,0.72524
Ag-108m,0.722907,gamma,418,y,Non-Medical,0.722907
Sm-156,0.722,b-spectra,9.4,h,Non-Medical,0.722
Cf-255,0.72,b-spectra,85,m,Non-Medical,0.72
Pt-197,0.7189,b-spectra,19.8915,h,Non-Medical,0.7189
Os-180,0.7174,gamma,21.5,m,Non-Medical,0.7174
Np-239,0.71414,b-spectra,2.3565,d,Non-Medical,0.71414
Ra-230,0.71,b-spectra,93,m,Non-Medical,0.71
Pt-197m,0.7095,b-spectra,95.41,m,Non-Medical,0.7095
Cd-104,0.7093,gamma,57.7,m,Non-Medical,0.7093
Cl-36,0.7086,b-spectra,301000,y,Non-Medical,0.7086
Ta-180,0.708,b-spectra,8.152,h,Non-Medical,0.708
Co-57,0.70654,gamma,271.74,d,Non-Medical,0.70654
Te-127,0.698,b-spectra,9.35,h,Non-Medical,0.698
Np-236m,0.68761,gamma,22.5,h,Non-Medical,0.68761
Kr-85,0.6874,b-spectra,10.756,y,Non-Medical,0.6874
As-77,0.6829,b-spectra,38.83,h,Non-Medical,0.6829
Pb-203,0.680514,gamma,51.873,h,Non-Medical,0.680514
Sn-128,0.6805,gamma,59.07,m,Non-Medical,0.6805
Ge-78,0.6757,b-spectra,88,m,Non-Medical,0.6757
Pt-200,0.67,b-spectra,12.5,h,Non-Medical,0.67
Am-242,0.6648,b-spectra,16.02,h,Non-Medical,0.6648
Ba-137m,0.661657,gamma,2.552,m,Non-Medical,0.661657
Tb-155,0.65893,gamma,5.32,d,Non-Medical,0.65893
Ta-183,0.65841,b-spectra,5.1,d,Non-Medical,0.65841
In-109m,0.6501,gamma,1.34,m,Non-Medical,0.6501
Sn-113,0.64683,gamma,115.09,d,Non-Medical,0.64683
Yb-178,0.645,b-spectra,74,m,Non-Medical,0.645
Pb-209,0.6444,b-spectra,3.253,h,Medical - Daughter of Ac-225,0.6444
Hf-177m,0.6382,gamma,51.4,m,Non-Medical,0.6382
Hg-190,0.6379,gamma,20,m,Non-Medical,0.6379
Eu-149,0.6365,gamma,93.1,d,Non-Medical,0.6365
Lu-173,0.63611,gamma,1.37,y,Non-Medical,0.63611
F-18,0.6335,b-spectra,109.77,m,Medical - Imaging,0.6335
Ba-133m,0.6325,gamma,38.9,h,Non-Medical,0.6325
Pb-201m,0.6291,gamma,61,s,Non-Medical,0.6291
Zr-86,0.6206,gamma,16.5,h,Non-Medical,0.6206
Xe-127,0.6184,gamma,36.4,d,Non-Medical,0.6184
Os-190m,0.6165,gamma,9.9,m,Non-Medical,0.6165
Pb-200,0.60544,gamma,21.5,h,Non-Medical,0.60544
Sc-47,0.6001,b-spectra,3.3492,d,Non-Medical,0.6001
Ar-42,0.599,b-spectra,32.9,y,Non-Medical,0.599
Lu-176,0.59577,b-spectra,38500000000,y,Non-Medical,0.59577
Tb-161,0.5931,b-spectra,6.906,d,Medical - Therapy,0.5931
Cm-239,0.591,b-spectra,2.9,h,Non-Medical,0.591
Cs-130m,0.5862,gamma,3.46,m,Non-Medical,0.5862
Cd-113m,0.5837,b-spectra,14.1,y,Non-Medical,0.5837
Pu-243,0.581,b-spectra,4.956,h,Non-Medical,0.581
Ce-141,0.5807,b-spectra,32.508,d,Non-Medical,0.5807
Gd-146,0.576,gamma,48.27,d,Non-Medical,0.576
Hf-178m,0.574215,gamma,31,y,Non-Medical,0.574215
Pb-212,0.574,b-spectra,10.64,h,Medical - Therapy,0.574
Te-121,0.573139,gamma,19.16,d,Non-Medical,0.573139
Pa-233,0.5721,b-spectra,26.967,d,Non-Medical,0.5721
Rh-105,0.5662,b-spectra,35.36,h,Non-Medical,0.5662
Ar-39,0.565,b-spectra,269,y,Non-Medical,0.565
Cu-67,0.5617,b-spectra,61.83,h,Medical - Therapy,0.5617
Be-10,0.5562,b-spectra,1510000,y,Non-Medical,0.5562
Rb-86m,0.55607,gamma,1.017,m,Non-Medical,0.55607
Y-91m,0.55557,gamma,49.71,m,Non-Medical,0.55557
Sr-90,0.546,b-spectra,28.79,y,Non-Medical,0.546
Rh-101m,0.545117,gamma,4.34,d,Non-Medical,0.545117
Nd-138,0.541,gamma,5.04,h,Non-Medical,0.541
In-111m,0.537,gamma,7.7,m,Non-Medical,0.537
Tm-167,0.53154,gamma,9.25,d,Non-Medical,0.53154
Cd-118,0.52,b-spectra,50.3,m,Non-Medical,0.52
Cr-48,0.511,annihilation,21.56,h,Non-Medical,0.511
Nb-91,0.511,annihilation,680,y,Non-Medical,0.511
Ni-59,0.511,annihilation,101000,y,Non-Medical,0.511
Y-87,0.511,annihilation,79.8,h,Non-Medical,0.511
Hf-180m,0.500697,gamma,5.5,h,Non-Medical,0.500697
Lu-177,0.4978,b-spectra,6.647,d,Medical - Therapy,0.4978
Pd-103,0.49708,gamma,16.991,d,Non-Medical,0.49708
In-115,0.496,b-spectra,4.41E+14,y,Non-Medical,0.496
Sm-145,0.49255,gamma,340,d,Non-Medical,0.49255
Hg-203,0.4918,b-spectra,46.612,d,Non-Medical,0.4918
Dy-166,0.4869,b-spectra,81.6,h,Non-Medical,0.4869
Be-7,0.477603,gamma,53.22,d,Non-Medical,0.477603
Yb-175,0.4688,b-spectra,4.185,d,Non-Medical,0.4688
Lu-177m,0.465842,gamma,160.4,d,Non-Medical,0.465842
Rb-84m,0.46362,gamma,20.26,m,Non-Medical,0.46362
U-237,0.45906,b-spectra,6.75,d,Non-Medical,0.45906
Hf-179m,0.45359,gamma,25.05,d,Non-Medical,0.45359
Au-199,0.4526,b-spectra,3.139,d,Non-Medical,0.4526
Ir-189,0.4385,gamma,13.2,d,Non-Medical,0.4385
Hg-192,0.4367,gamma,4.85,h,Non-Medical,0.4367
Tc-99m,0.43618,b-spectra,6.015,h,Medical - Imaging,0.43618
Hf-175,0.433,gamma,70,d,Non-Medical,0.433
W-185,0.433,b-spectra,75.1,d,Non-Medical,0.433
Ta-178m,0.42636,gamma,2.36,h,Non-Medical,0.42636
Rh-101,0.42219,gamma,3.3,y,Non-Medical,0.42219
Xe-122,0.416633,gamma,20.1,h,Non-Medical,0.416633
Hg-199m,0.4134,gamma,42.66,m,Non-Medical,0.4134
Hg-197m,0.4091,gamma,23.8,h,Non-Medical,0.4091
Re-183,0.406593,gamma,70,d,Non-Medical,0.406593
Zr-88,0.3929,gamma,83.4,d,Non-Medical,0.3929
In-113m,0.391698,gamma,1.6579,h,Non-Medical,0.391698
Sn-121,0.39,b-spectra,27.03,h,Non-Medical,0.39
Th-231,0.3895,b-spectra,25.52,h,Non-Medical,0.3895
Sr-87m,0.388531,gamma,2.815,h,Non-Medical,0.388531
Er-156,0.38737,gamma,19.5,m,Non-Medical,0.38737
Xe-133,0.383851,gamma,5.243,d,Medical - Imaging,0.383851
Ba-133,0.383848,gamma,10.52,y,Non-Medical,0.383848
U-240,0.38,b-spectra,14.1,h,Non-Medical,0.38
Ba-128,0.37499,gamma,2.43,d,Non-Medical,0.37499
Pu-246,0.371,b-spectra,10.84,d,Non-Medical,0.371
Dy-159,0.3635,gamma,144.4,d,Non-Medical,0.3635
Sn-121m,0.35915,b-spectra,43.9,y,Non-Medical,0.35915
Ta-182m,0.35647,gamma,15.84,m,Non-Medical,0.35647
Ce-134,0.35554,gamma,3.16,d,Non-Medical,0.35554
Ra-225,0.354,b-spectra,14.9,d,Non-Medical,0.354
Er-169,0.3509,b-spectra,9.4,d,Non-Medical,0.3509
W-188,0.349,b-spectra,69.78,d,Non-Medical,0.349
Zn-72,0.3388,b-spectra,46.5,h,Non-Medical,0.3388
Au-198m,0.33382,gamma,2.27,d,Non-Medical,0.33382
Cr-51,0.320082,gamma,27.7025,d,Non-Medical,0.320082
Cd-113,0.32001,b-spectra,7.70E+15,y,Non-Medical,0.32001
Ce-144,0.3187,b-spectra,284.91,d,Non-Medical,0.3187
Au-195m,0.3186,gamma,30.5,s,Non-Medical,0.3186
Au-196m,0.31619,gamma,9.6,h,Non-Medical,0.31619
Sn-117m,0.3143,gamma,13.76,d,Non-Medical,0.3143
Tc-99,0.2935,b-spectra,211100,y,Non-Medical,0.2935
Au-193m,0.2898,gamma,3.9,s,Non-Medical,0.2898
W-179m,0.2889,gamma,6.4,m,Non-Medical,0.2889
Rb-87,0.2833,b-spectra,49230000000,y,Non-Medical,0.2833
Sn-110,0.283,gamma,4.11,h,Non-Medical,0.283
Kr-81,0.27599,gamma,229000,y,Non-Medical,0.27599
Hf-182,0.270405,gamma,9000000,y,Non-Medical,0.270405
Pd-112,0.2695,b-spectra,21.03,h,Non-Medical,0.2695
Cs-135,0.2694,b-spectra,2300000,y,Non-Medical,0.2694
Hg-197,0.26871,gamma,64.94,h,Non-Medical,0.26871
Ba-135m,0.268218,gamma,28.7,h,Non-Medical,0.268218
Ca-45,0.2568,b-spectra,162.67,d,Non-Medical,0.2568
Eu-155,0.2522,b-spectra,4.7611,y,Non-Medical,0.2522
Ni-66,0.252,b-spectra,54.6,h,Non-Medical,0.252
Sn-126,0.2501,b-spectra,230000,y,Non-Medical,0.2501
P-33,0.2485,b-spectra,25.34,d,Non-Medical,0.2485
Te-123m,0.2474,gamma,119.25,d,Non-Medical,0.2474
Se-79m,0.24677,b-spectra,3.92,m,Non-Medical,0.24677
Cd-111m,0.245395,gamma,48.5,m,Non-Medical,0.245395
In-111,0.24535,gamma,2.8047,d,Medical - Imaging,0.24535
Te-132,0.24014,b-spectra,3.204,d,Non-Medical,0.24014
Pt-195m,0.2395,gamma,4.02,d,Non-Medical,0.2395
Xe-133m,0.233221,gamma,2.19,d,Non-Medical,0.233221
Pm-147,0.2246,b-spectra,2.6234,y,Non-Medical,0.2246
Si-32,0.2245,b-spectra,132,y,Non-Medical,0.2245
Au-195,0.21136,gamma,186.098,d,Non-Medical,0.21136
Er-167m,0.207801,gamma,2.269,s,Non-Medical,0.207801
Ir-190n,0.205206,gamma,3.087,h,Non-Medical,0.205206
Hf-172,0.1989,gamma,1.87,y,Non-Medical,0.1989
Xe-129m,0.19656,gamma,8.88,d,Non-Medical,0.19656
Th-234,0.19497,b-spectra,24.1,d,Non-Medical,0.19497
Kr-81m,0.19046,gamma,13.1,s,Medical - Imaging,0.19046
Pd-109m,0.1889,gamma,4.69,m,Non-Medical,0.1889
W-185m,0.18788,gamma,1.597,m,Non-Medical,0.18788
Fe-60,0.1774,b-spectra,1500000,y,Non-Medical,0.1774
Gd-153,0.172853,gamma,240.4,d,Non-Medical,0.172853
Xe-127m,0.1725,gamma,69.2,s,Non-Medical,0.1725
Re-188m,0.16954,gamma,18.59,m,Non-Medical,0.16954
Tl-201,0.16743,gamma,72.912,h,Medical - Imaging,0.16743
S-35,0.16714,b-spectra,87.51,d,Non-Medical,0.16714
Ce-139,0.165858,gamma,137.641,d,Non-Medical,0.165858
Xe-131m,0.16393,gamma,11.84,d,Non-Medical,0.16393
Se-77m,0.162,gamma,17.36,s,Non-Medical,0.162
Pd-100,0.15887,gamma,3.63,d,Non-Medical,0.15887
C-14,0.15648,b-spectra,5700,y,Non-Medical,0.15648
In-112m,0.1564,gamma,20.56,m,Non-Medical,0.1564
Ir-192n,0.15516,gamma,241,y,Non-Medical,0.15516
I-129,0.15442,b-spectra,15700000,y,Non-Medical,0.15442
W-181,0.15232,gamma,121.2,d,Non-Medical,0.15232
Se-79,0.151,b-spectra,295000,y,Non-Medical,0.151
Re-186m,0.146273,gamma,200000,y,Non-Medical,0.146273
Ti-44,0.14622,gamma,60,y,Non-Medical,0.14622
Te-125m,0.14478,gamma,57.4,d,Non-Medical,0.14478
Os-191,0.14242,b-spectra,15.4,d,Non-Medical,0.14242
Cs-134m,0.138733,gamma,2.903,h,Non-Medical,0.138733
Pt-193m,0.1355,gamma,4.33,d,Non-Medical,0.1355
W-179,0.1339,gamma,37.05,m,Non-Medical,0.1339
Ir-191m,0.129431,gamma,4.94,s,Non-Medical,0.129431
Fe-55,0.126,gamma,2.737,y,Non-Medical,0.126
Ba-131m,0.10845,gamma,14.6,m,Non-Medical,0.10845
Br-77m,0.10587,gamma,4.28,m,Non-Medical,0.10587
Eu-154m,0.10088,gamma,46,m,Non-Medical,0.10088
Os-194,0.0966,b-spectra,6,y,Non-Medical,0.0966
Tc-97m,0.0965,gamma,90.1,d,Non-Medical,0.0965
Tm-171,0.0964,b-spectra,1.92,y,Non-Medical,0.0964
Ho-164m,0.094,gamma,38,m,Non-Medical,0.094
Zr-93,0.0914,b-spectra,1530000,y,Non-Medical,0.0914
Eu-152n,0.089847,gamma,96,m,Non-Medical,0.089847
Tb-156n,0.0884,gamma,5.3,h,Non-Medical,0.0884
Ag-109m,0.0880336,gamma,39.6,s,Non-Medical,0.0880336
Cd-109,0.0880336,gamma,461.4,d,Non-Medical,0.0880336
Yb-166,0.08229,gamma,56.7,h,Non-Medical,0.08229
Ir-193m,0.08022,gamma,10.53,d,Non-Medical,0.08022
Sn-113m,0.077389,gamma,21.4,m,Non-Medical,0.077389
Sm-151,0.0767,b-spectra,90,y,Non-Medical,0.0767
Sb-122m,0.0760595,gamma,4.191,m,Non-Medical,0.0760595
Os-191m,0.07438,gamma,13.1,h,Non-Medical,0.07438
Lu-171m,0.0711,gamma,79,s,Non-Medical,0.0711
W-178,0.0675587,X,21.6,d,Non-Medical,0.0675587
Ni-63,0.06695,b-spectra,100.1,y,Non-Medical,0.06695
Sn-119m,0.06566,gamma,293.1,d,Non-Medical,0.06566
Ta-179,0.0654766,X,1.82,y,Non-Medical,0.0654766
Ho-168m,0.059,gamma,132,s,Non-Medical,0.059
Er-165,0.0556705,X,10.36,h,Non-Medical,0.0556705
Tb-157,0.0545,gamma,71,y,Non-Medical,0.0545
As-73,0.053437,gamma,80.3,d,Non-Medical,0.053437
Tb-156m,0.04963,gamma,24.4,h,Non-Medical,0.04963
Br-80m,0.04885,gamma,4.4205,h,Non-Medical,0.04885
Se-72,0.046,gamma,8.4,d,Non-Medical,0.046
Nd-140,0.0419856,X,3.37,d,Non-Medical,0.0419856
Lu-172m,0.04186,gamma,3.7,m,Non-Medical,0.04186
Rh-103m,0.039755,gamma,56.114,m,Non-Medical,0.039755
Ra-228,0.03962,b-spectra,5.75,y,Non-Medical,0.03962
Ru-106,0.0394,b-spectra,373.59,d,Non-Medical,0.0394
La-137,0.037427,X,60000,y,Non-Medical,0.037427
I-125,0.0354922,gamma,59.4,d,Non-Medical,0.0354922
Cs-131,0.034545,X,9.689,d,Non-Medical,0.034545
Pd-107,0.0341,b-spectra,6500000,y,Non-Medical,0.0341
Kr-83m,0.0321498,gamma,1.83,h,Non-Medical,0.0321498
Os-189m,0.03081,gamma,5.8,h,Non-Medical,0.03081
Nb-93m,0.03077,gamma,16.13,y,Non-Medical,0.03077
Te-118,0.030472,X,6,d,Non-Medical,0.030472
Te-123,0.030472,X,6.00E+14,y,Non-Medical,0.030472
Sb-119,0.0291782,X,38.19,h,Non-Medical,0.0291782
Lu-169m,0.029,gamma,160,s,Non-Medical,0.029
Ir-190m,0.0263,gamma,1.12,h,Non-Medical,0.0263
Sb-124n,0.02598,gamma,20.2,m,Non-Medical,0.02598
Co-58m,0.024889,gamma,9.04,h,Non-Medical,0.024889
Tc-97,0.0199582,X,2600000,y,Non-Medical,0.0199582
Mo-93,0.0189422,X,4000,y,Non-Medical,0.0189422
H-3,0.01859,b-spectra,12.32,y,Non-Medical,0.01859
Pb-205,0.0153257,X,15300000,y,Non-Medical,0.0153257
Sr-82,0.0151392,X,25.36,d,Non-Medical,0.0151392
Hg-194,0.0143255,X,440,y,Non-Medical,0.0143255
Pt-193,0.0133892,X,50,y,Non-Medical,0.0133892
Ge-68,0.0103261,X,270.95,d,Non-Medical,0.0103261
Ge-71,0.0103261,X,11.43,d,Non-Medical,0.0103261
Mn-53,0.00595124,X,3700000,y,Non-Medical,0.00595124
V-49,0.00493226,X,330,d,Non-Medical,0.00493226
Pr-142m,0.003683,gamma,14.6,m,Non-Medical,0.003683
Ca-41,0.00355983,X,102000,y,Non-Medical,0.00355983
Ar-37,0.00279262,X,35.04,d,Non-Medical,0.00279262
Re-187,0.00247,b-spectra,41200000000,y,Non-Medical,0.00247
Ho-163,0.00153871,auger,4570,y,Non-Medical,0.00153871
U-235m,7.65E-05,gamma,26,m,Non-Medical,7.65E-05
