Radionuclide,Max_Energy_MeV,Emission_Type,Half_Life,Time_Unit,Medical_Purpose
Fm-252,97.7707,fission,25.39,h,Non-Medical
Fm-254,97.523,fission,3.24,h,Non-Medical
Fm-255,97.4001,fission,20.07,h,Non-Medical
Fm-256,97.2779,fission,157.6,m,Non-Medical
Fm-257,97.1563,fission,100.5,d,Non-Medical
Es-253,95.776,fission,20.47,d,Non-Medical
Es-254,95.6549,fission,275.7,d,Non-Medical
Es-254m,95.6549,fission,39.3,h,Non-Medical
Es-255,95.5345,fission,39.8,d,Non-Medical
Cf-246,94.7725,fission,35.7,h,Non-Medical
Cf-248,94.5269,fission,334,d,Non-Medical
Cf-249,94.4051,fission,351,y,Non-Medical
Cf-250,94.2839,fission,13.08,y,Non-Medical
Cf-252,94.0435,fission,2.645,y,Non-Medical
Cf-254,93.8056,fission,60.5,d,Non-Medical
Cm-240,91.8139,fission,27,d,Non-Medical
Cm-242,91.5703,fission,162.8,d,Non-Medical
Cm-244,91.3294,fission,18.1,y,Non-Medical
Cm-245,91.21,fission,8500,y,Non-Medical
Cm-246,91.0912,fission,4760,y,Non-Medical
Cm-248,90.8555,fission,348000,y,Non-Medical
Cm-250,90.6223,fission,8300,y,Non-Medical
Pu-236,88.6535,fission,2.858,y,Non-Medical
Pu-238,88.4147,fission,87.7,y,Non-Medical
Pu-240,88.1786,fission,6564,y,Non-Medical
Pu-242,87.9451,fission,375000,y,Non-Medical
Pu-244,87.7142,fission,80000000,y,Non-Medical
U-238,84.8461,fission,4468000000,y,Non-Medical
Po-212m,11.6512,alpha,45.1,s,Non-Medical
N-16,9,b-spectra,7.13,s,Non-Medical
Po-212,8.78508,alpha,2.99E-07,s,Non-Medical
Rn-215,8.67445,alpha,2.3,us,Non-Medical
Po-213,8.37658,alpha,4.20E-06,s,Medical - Daughter of Ac-225
Rn-216,8.04805,alpha,4.50E-05,s,Non-Medical
At-215,8.02575,alpha,0.0001,s,Non-Medical
Ra-219,7.98927,alpha,10,ms,Non-Medical
At-216,7.80013,alpha,0.0003,s,Non-Medical
Cu-57,7.748,b-spectra,0.1963,s,Non-Medical
Rn-217,7.74015,alpha,0.00054,s,Non-Medical
Po-214,7.68695,alpha,0.0001643,s,Non-Medical
Cl-40,7.48,b-spectra,1.35,m,Non-Medical
Ra-220,7.45682,alpha,0.0179,s,Non-Medical
Po-211,7.45004,alpha,0.516,s,Medical - Daughter of Ra-223
Th-223,7.43118,alpha,0.6,s,Non-Medical
Po-215,7.38628,alpha,0.001781,s,Medical - Daughter of Ra-223
Fr-219,7.31188,alpha,0.02,s,Non-Medical
Fm-251,7.30542,alpha,5.3,h,Non-Medical
Cf-244,7.20887,alpha,19.4,m,Non-Medical
Rh-94,7.17729,b-spectra,70.6,s,Non-Medical
Th-224,7.17349,alpha,1.05,s,Non-Medical
Rn-218,7.12926,alpha,0.035,s,Non-Medical
Fm-253,7.08314,alpha,3,d,Non-Medical
At-217,7.06916,alpha,0.0323,s,Medical - Daughter of Ac-225
U-227,7.03346,alpha,1.1,m,Non-Medical
Br-72,6.99599,b-spectra,78.6,s,Non-Medical
Rn-219,6.81915,alpha,3.96,s,Medical - Therapy
Es-249,6.77925,alpha,102.2,m,Non-Medical
Po-216,6.77842,alpha,0.145,s,Non-Medical
Ra-221,6.75932,alpha,28,s,Non-Medical
At-218,6.74779,alpha,1.5,s,Non-Medical
U-228,6.68456,alpha,9.1,m,Non-Medical
Fr-220,6.67697,alpha,27.4,s,Non-Medical
Ac-223,6.66135,alpha,2.1,m,Non-Medical
Eu-142,6.648,b-spectra,2.34,s,Non-Medical
Bi-211,6.62304,alpha,2.14,m,Medical - Daughter of Ra-223
Pu-232,6.60013,alpha,33.7,m,Non-Medical
Rb-90,6.587,b-spectra,158,s,Non-Medical
Ra-222,6.56054,alpha,38,s,Non-Medical
Cm-238,6.50965,alpha,2.4,h,Non-Medical
Es-251,6.4918,alpha,33,h,Non-Medical
Pa-227,6.46398,alpha,38.3,m,Non-Medical
Fr-212,6.40622,alpha,20,m,Non-Medical
K-46,6.371,b-spectra,105,s,Non-Medical
Bk-245,6.34905,alpha,4.94,d,Non-Medical
Ho-150,6.347,b-spectra,76.8,s,Non-Medical
Fr-221,6.34065,alpha,4.9,m,Medical - Therapy
Th-226,6.33724,alpha,30.57,m,Non-Medical
Cf-247,6.31793,alpha,3.11,h,Non-Medical
Rn-220,6.28815,alpha,55.6,s,Non-Medical
Rn-212,6.26445,alpha,23.9,m,Non-Medical
Rb-78,6.221,b-spectra,17.66,m,Non-Medical
Cs-140,6.219,b-spectra,63.7,s,Non-Medical
Ac-224,6.21385,alpha,2.78,h,Non-Medical
At-219,6.20842,alpha,56,s,Non-Medical
Pu-234,6.20207,alpha,8.8,h,Non-Medical
Ga-64,6.1473,b-spectra,2.627,m,Non-Medical
Rn-207,6.13023,alpha,9.25,m,Non-Medical
Pa-228,6.12525,alpha,22,h,Non-Medical
Bi-212,6.09001,alpha,60.55,m,Non-Medical
Cm-241,6.08228,alpha,32.8,d,Non-Medical
Cf-251,6.07673,alpha,900,y,Non-Medical
Cm-243,6.06631,alpha,29.1,y,Non-Medical
Am-237,6.04614,alpha,73,m,Non-Medical
As-68,6.04178,b-spectra,151.6,s,Non-Medical
Rn-210,6.04112,alpha,2.4,h,Non-Medical
Rn-209,6.03909,alpha,28.5,m,Non-Medical
Th-227,6.03805,alpha,18.68,d,Medical - Parent (Generator)
Tl-190,6.018,b-spectra,2.6,m,Non-Medical
Po-218,6.00241,alpha,3.1,m,Non-Medical
Pm-136,6.0017,b-spectra,107,s,Non-Medical
Cf-253,5.9811,alpha,17.81,d,Non-Medical
At-204,5.9509,alpha,9.2,m,Non-Medical
At-220,5.94288,alpha,3.71,m,Non-Medical
Am-238,5.93842,alpha,98,m,Non-Medical
At-205,5.90305,alpha,26.2,m,Non-Medical
U-230,5.88841,alpha,20.8,d,Non-Medical
Ra-223,5.87198,alpha,11.43,d,Medical - Therapy
Bi-213,5.86959,alpha,45.59,m,Medical - Therapy
At-211,5.86705,alpha,7.214,h,Medical - Therapy
Rb-90m,5.86223,b-spectra,258,s,Non-Medical
Rn-211,5.85087,alpha,14.6,h,Non-Medical
Ac-225,5.82972,alpha,10,d,Medical - Therapy
Am-239,5.82223,alpha,11.9,h,Non-Medical
Pu-235,5.81032,alpha,25.3,m,Non-Medical
Bk-247,5.79357,alpha,1380,y,Non-Medical
At-206,5.76713,alpha,30.6,m,Non-Medical
At-207,5.75748,alpha,1.8,h,Non-Medical
Pa-229,5.734,alpha,1.5,d,Non-Medical
I-118,5.731,b-spectra,13.7,m,Non-Medical
Ra-224,5.68543,alpha,3.66,d,Non-Medical
Tb-146,5.66549,b-spectra,23,s,Non-Medical
K-44,5.659,b-spectra,22.13,m,Non-Medical
Pu-237,5.64994,alpha,45.2,d,Non-Medical
At-209,5.64704,alpha,5.41,h,Non-Medical
Ag-116,5.64649,b-spectra,2.68,m,Non-Medical
At-208,5.64033,alpha,1.63,h,Non-Medical
Am-241,5.54418,alpha,432.2,y,Non-Medical
Np-233,5.53329,alpha,36.2,m,Non-Medical
At-210,5.52426,alpha,8.1,h,Non-Medical
Am-242m,5.5177,alpha,141,y,Non-Medical
Bi-214,5.51587,alpha,19.9,m,Non-Medical
Nb-88m,5.51091,b-spectra,7.78,m,Non-Medical
Rn-222,5.48951,alpha,3.8235,d,Non-Medical
U-231,5.48037,alpha,4.2,d,Non-Medical
Fr-223,5.46217,alpha,22,m,Non-Medical
Bk-249,5.43707,alpha,330,d,Non-Medical
Th-228,5.42321,alpha,1.9116,y,Non-Medical
Ag-100m,5.40781,b-spectra,2.24,m,Non-Medical
Ac-226,5.39866,alpha,29.37,h,Non-Medical
Po-203,5.38764,alpha,36.7,m,Non-Medical
Am-240,5.37779,alpha,50.8,h,Non-Medical
Po-204,5.37728,alpha,3.53,h,Non-Medical
Am-243,5.34912,alpha,7370,y,Non-Medical
Pa-230,5.34474,alpha,17.4,d,Non-Medical
Sc-50,5.33421,b-spectra,102.5,s,Non-Medical
Eu-144,5.328,b-spectra,10.2,s,Non-Medical
U-232,5.32023,alpha,68.9,y,Non-Medical
Rb-88,5.316,b-spectra,17.78,m,Non-Medical
Co-62,5.315,b-spectra,1.5,m,Non-Medical
Po-210,5.30443,alpha,138.376,d,Non-Medical
Cm-247,5.26527,alpha,15600000,y,Non-Medical
Br-74m,5.26378,b-spectra,46,m,Non-Medical
Br-74,5.25021,b-spectra,25.4,m,Non-Medical
Tc-104,5.24198,b-spectra,18.3,m,Non-Medical
Po-206,5.22301,alpha,8.8,d,Non-Medical
Po-205,5.22005,alpha,1.66,h,Non-Medical
Rb-78m,5.20972,b-spectra,5.74,m,Non-Medical
Bi-210m,5.20781,alpha,3040000,y,Non-Medical
Tc-91,5.198,b-spectra,3.14,m,Non-Medical
Y-84m,5.165,b-spectra,39.5,m,Non-Medical
Pu-239,5.1566,alpha,24110,y,Non-Medical
Po-207,5.11544,alpha,5.8,h,Non-Medical
Po-208,5.11514,alpha,2.898,y,Non-Medical
Np-235,5.10318,alpha,396.1,d,Non-Medical
Th-229,5.07777,alpha,7340,y,Non-Medical
Ag-114,5.076,b-spectra,4.6,s,Non-Medical
Pm-140,5.068,b-spectra,9.2,s,Non-Medical
Pa-231,5.06067,alpha,32760,y,Non-Medical
Pu-241,5.05473,alpha,14.35,y,Non-Medical
Cu-60,5.048,gamma,23.7,m,Non-Medical
Te-113,5.048,b-spectra,1.7,m,Non-Medical
Ga-66,5.00562,gamma,9.49,h,Non-Medical
Ta-170,4.9972,b-spectra,6.76,m,Non-Medical
Sb-114,4.987,gamma,3.49,m,Non-Medical
Kr-89,4.986,b-spectra,3.15,m,Non-Medical
La-128,4.98459,b-spectra,5.18,m,Non-Medical
Ac-227,4.95328,alpha,21.772,y,Non-Medical
Ir-180,4.95035,b-spectra,1.5,m,Non-Medical
Y-94,4.92,b-spectra,18.7,m,Non-Medical
Cl-38,4.9168,b-spectra,37.24,m,Non-Medical
Pr-134m,4.91377,b-spectra,17,m,Non-Medical
Au-186,4.90647,b-spectra,10.7,m,Non-Medical
In-106m,4.89509,b-spectra,5.2,m,Non-Medical
Cs-124,4.893,b-spectra,30.8,s,Non-Medical
K-38,4.8911,b-spectra,7.636,m,Non-Medical
Po-209,4.88561,alpha,102,y,Non-Medical
Pr-148,4.883,b-spectra,2.29,m,Non-Medical
Np-237,4.87378,alpha,2144000,y,Non-Medical
In-106,4.8664,b-spectra,6.2,m,Non-Medical
S-37,4.8653,b-spectra,5.05,m,Non-Medical
In-103,4.8401,b-spectra,60,s,Non-Medical
U-233,4.82477,alpha,159200,y,Non-Medical
O-19,4.8196,b-spectra,26.464,s,Non-Medical
Mn-52m,4.8154,gamma,21.1,m,Non-Medical
Ra-226,4.78437,alpha,1600,y,Non-Medical
Ga-74,4.77715,b-spectra,8.12,m,Non-Medical
U-234,4.7754,alpha,245500,y,Non-Medical
Gd-143m,4.75107,b-spectra,110,s,Non-Medical
Tb-148,4.743,b-spectra,60,m,Non-Medical
Ca-49,4.7382,gamma,8.718,m,Non-Medical
Eu-142m,4.736,b-spectra,1.223,m,Non-Medical
As-70,4.7,gamma,52.6,m,Non-Medical
Gd-145,4.6996,gamma,23,m,Non-Medical
Rb-80,4.696,b-spectra,33.4,s,Non-Medical
Th-230,4.68699,alpha,75380,y,Non-Medical
Tc-91m,4.68436,b-spectra,3.3,m,Non-Medical
Bi-210,4.68183,alpha,5.013,d,Non-Medical
Au-187,4.66497,alpha,8.4,m,Non-Medical
Br-84,4.655,b-spectra,31.8,m,Non-Medical
Pb-194,4.64025,alpha,12,m,Non-Medical
Mo-89,4.628,b-spectra,2.11,m,Non-Medical
Zn-61,4.615,b-spectra,89.1,s,Non-Medical
Br-76,4.6,gamma,16.2,h,Medical - Imaging
U-235,4.59901,alpha,704000000,y,Non-Medical
I-120,4.593,b-spectra,81.6,m,Non-Medical
Rh-96m,4.59045,b-spectra,1.51,m,Non-Medical
Ar-43,4.583,b-spectra,5.37,m,Non-Medical
Tb-150,4.5632,gamma,3.48,h,Non-Medical
Np-236,4.53181,alpha,154000,y,Non-Medical
Mn-58m,4.531,gamma,65.2,s,Non-Medical
Tc-102,4.526,b-spectra,5.28,s,Non-Medical
Rh-108,4.51,b-spectra,16.8,s,Non-Medical
La-142,4.504,b-spectra,91.1,m,Non-Medical
Pt-184,4.50189,alpha,17.3,m,Non-Medical
Rb-89,4.496,b-spectra,15.15,m,Non-Medical
U-236,4.49485,alpha,23420000,y,Non-Medical
Y-81,4.488,b-spectra,70.4,s,Non-Medical
Co-54m,4.47032,b-spectra,1.48,m,Non-Medical
Cl-34,4.46928,b-spectra,1.5264,s,Non-Medical
In-118,4.423,b-spectra,5,s,Non-Medical
Y-95,4.42,b-spectra,10.3,m,Non-Medical
Ir-182,4.41111,b-spectra,15,m,Non-Medical
Ho-154,4.39442,b-spectra,11.76,m,Non-Medical
Tl-210,4.394,b-spectra,1.3,m,Non-Medical
Nb-88,4.38829,b-spectra,14.5,m,Non-Medical
Cs-121,4.378,b-spectra,155,s,Non-Medical
Tc-92,4.3701,gamma,4.25,m,Non-Medical
Cd-101,4.3599,b-spectra,1.36,m,Non-Medical
Tl-194,4.348,b-spectra,33,m,Non-Medical
In-108m,4.3428,gamma,39.6,m,Non-Medical
Rh-95m,4.3365,gamma,1.96,m,Non-Medical
Rb-77,4.324,b-spectra,3.77,m,Non-Medical
Tl-190m,4.31502,b-spectra,3.7,m,Non-Medical
Sr-79,4.298,b-spectra,2.25,m,Non-Medical
La-130,4.28666,b-spectra,8.7,m,Non-Medical
Pr-134,4.27412,b-spectra,11,m,Non-Medical
Sb-116,4.27,gamma,15.8,m,Non-Medical
Eu-143,4.253,b-spectra,2.59,m,Non-Medical
Cs-121m,4.23902,b-spectra,122,s,Non-Medical
Na-24,4.23796,gamma,14.959,h,Non-Medical
Dy-150,4.235,alpha,7.17,m,Non-Medical
Pt-186,4.23193,alpha,2.08,h,Non-Medical
Pr-146,4.22,b-spectra,24.15,m,Non-Medical
Cs-139,4.213,b-spectra,9.27,m,Non-Medical
As-78,4.212,b-spectra,90.7,m,Non-Medical
K-45,4.205,b-spectra,17.3,m,Non-Medical
Mo-91,4.1806,gamma,15.49,m,Non-Medical
Pr-148m,4.1805,b-spectra,2.01,m,Non-Medical
Rh-95,4.1756,gamma,5.02,m,Non-Medical
Xe-137,4.173,b-spectra,3.818,m,Non-Medical
Er-154,4.16837,alpha,3.73,m,Non-Medical
Ag-117,4.16,b-spectra,73.6,s,Non-Medical
Ag-99,4.14362,b-spectra,124,s,Non-Medical
Sr-93,4.137,b-spectra,7.423,m,Non-Medical
Tc-94m,4.1362,gamma,52,m,Non-Medical
O-14,4.12104,b-spectra,70.606,s,Non-Medical
Pm-137m,4.1154,b-spectra,2.4,m,Non-Medical
Cl-34m,4.11454,gamma,32,m,Non-Medical
I-118m,4.0972,b-spectra,8.5,m,Non-Medical
Ag-102m,4.0906,b-spectra,7.7,m,Non-Medical
Gd-145m,4.082,b-spectra,85,s,Non-Medical
Cs-138,4.0801,gamma,33.41,m,Non-Medical
Dy-151,4.06881,alpha,17.9,m,Non-Medical
Sb-111,4.035,b-spectra,75,s,Non-Medical
Sn-130m,4.02684,b-spectra,1.7,m,Non-Medical
Ho-153m,4.0129,alpha,9.3,m,Non-Medical
Th-232,4.01236,alpha,14050000000,y,Non-Medical
Ag-104m,4.009,gamma,33.5,m,Non-Medical
Nb-99m,4.0042,b-spectra,2.6,m,Non-Medical
Tb-149m,4.00327,alpha,4.16,m,Non-Medical
As-72,3.995,gamma,26,h,Non-Medical
Tb-149,3.96845,alpha,4.118,h,Medical - Therapy
Nb-89,3.9655,gamma,2.03,h,Non-Medical
Mo-91m,3.9604,b-spectra,64.6,s,Non-Medical
Pm-154,3.96,b-spectra,1.73,m,Non-Medical
Ag-112,3.956,b-spectra,3.13,h,Non-Medical
Rb-82,3.956,gamma,1.273,m,Medical - Imaging
Pt-188,3.92169,alpha,10.2,d,Non-Medical
Te-115,3.918,b-spectra,5.8,m,Non-Medical
Ho-153,3.91115,alpha,2.01,m,Non-Medical
Se-83m,3.8975,b-spectra,70.1,s,Non-Medical
Kr-87,3.887,b-spectra,76.3,m,Non-Medical
Tm-162,3.8776,gamma,21.7,m,Non-Medical
Y-86,3.877,gamma,14.74,h,Medical - Imaging
Cu-62,3.8617,gamma,9.673,m,Non-Medical
Tm-176,3.84802,b-spectra,1.85,m,Non-Medical
Sm-139,3.82627,b-spectra,2.57,m,Non-Medical
Ta-172,3.8152,gamma,36.8,m,Non-Medical
Pm-154m,3.81316,b-spectra,2.68,m,Non-Medical
Nb-87,3.8072,b-spectra,3.75,m,Non-Medical
Cs-126,3.802,b-spectra,1.64,m,Non-Medical
P-30,3.7873,IE,2.498,m,Non-Medical
Ta-186,3.77771,b-spectra,10.5,m,Non-Medical
Cu-59,3.7776,b-spectra,81.5,s,Non-Medical
Pm-142,3.776,b-spectra,40.5,s,Non-Medical
La-132,3.7756,gamma,4.8,h,Non-Medical
V-52,3.772,gamma,3.743,m,Non-Medical
In-110m,3.7717,gamma,69.1,m,Non-Medical
La-140,3.7619,b-spectra,1.6781,d,Non-Medical
Se-71,3.758,b-spectra,4.74,m,Non-Medical
Ho-156,3.75381,b-spectra,56,m,Non-Medical
Ge-67,3.727,gamma,18.9,m,Non-Medical
Ho-154m,3.72266,alpha,3.1,m,Non-Medical
Pb-210,3.71973,alpha,22.2,y,Non-Medical
Pr-136,3.709,gamma,13.1,m,Non-Medical
Ac-232,3.7,b-spectra,119,s,Non-Medical
In-105,3.69581,b-spectra,5.07,m,Non-Medical
Nd-135,3.68653,b-spectra,12.4,m,Non-Medical
In-121m,3.6786,b-spectra,3.88,m,Non-Medical
Mn-50m,3.67605,b-spectra,1.75,m,Non-Medical
Kr-75,3.67348,b-spectra,4.29,m,Non-Medical
In-118m,3.6697,gamma,4.364,m,Non-Medical
Au-190,3.652,gamma,42.8,m,Non-Medical
La-134,3.652,gamma,6.45,m,Non-Medical
Re-178,3.65195,b-spectra,13.2,m,Non-Medical
Zr-85,3.6482,b-spectra,7.86,m,Non-Medical
Tb-164,3.64778,b-spectra,3,m,Non-Medical
Ta-174,3.6442,gamma,1.14,h,Non-Medical
Tc-105,3.64,b-spectra,7.6,m,Non-Medical
Tb-147m,3.6396,b-spectra,1.87,m,Non-Medical
Y-92,3.639,b-spectra,3.54,h,Non-Medical
Dy-152,3.62886,alpha,2.38,h,Non-Medical
Co-56,3.6118,gamma,77.23,d,Non-Medical
Sb-113,3.6056,gamma,6.67,m,Non-Medical
Rh-97m,3.5743,gamma,46.2,m,Non-Medical
Tb-152,3.5725,gamma,17.5,h,Non-Medical
Br-73,3.5423,b-spectra,3.4,m,Non-Medical
Rh-106,3.541,b-spectra,29.8,s,Non-Medical
Bi-216,3.5402,b-spectra,2.17,m,Non-Medical
K-42,3.52545,b-spectra,12.36,h,Non-Medical
Bi-202,3.5207,gamma,1.72,h,Non-Medical
Sr-94,3.508,b-spectra,75.3,s,Non-Medical
Pd-97,3.5026,b-spectra,3.1,m,Non-Medical
Pm-152,3.5,b-spectra,4.12,m,Non-Medical
Rh-97,3.4945,gamma,30.7,m,Non-Medical
Cs-128,3.493,gamma,3.64,m,Non-Medical
Cd-119,3.48593,b-spectra,2.69,m,Non-Medical
Pm-139,3.473,b-spectra,4.15,m,Non-Medical
Hg-207,3.4719,b-spectra,2.9,m,Non-Medical
Tb-154,3.4679,gamma,21.5,h,Non-Medical
Dy-153,3.4659,alpha,6.4,h,Non-Medical
Rh-100,3.4648,gamma,20.8,h,Non-Medical
Pm-150,3.454,b-spectra,2.68,h,Non-Medical
Y-83,3.447,b-spectra,7.08,m,Non-Medical
Cl-39,3.441,b-spectra,55.6,m,Non-Medical
Tc-102m,3.4404,b-spectra,4.35,m,Non-Medical
Sb-130m,3.43195,b-spectra,6.3,m,Non-Medical
Rh-96,3.4315,gamma,9.9,m,Non-Medical
Sn-109,3.4273,gamma,18,m,Non-Medical
Pr-138,3.415,b-spectra,1.45,m,Non-Medical
Ag-102,3.4065,gamma,12.9,m,Non-Medical
La-143,3.4061,b-spectra,14.2,m,Non-Medical
Eu-158,3.40549,b-spectra,45.9,m,Non-Medical
Tb-151,3.40431,alpha,17.609,h,Non-Medical
Nb-99,3.40349,b-spectra,15,s,Non-Medical
Lu-170,3.385,gamma,2.012,d,Non-Medical
Sn-129,3.3848,b-spectra,2.23,m,Non-Medical
Rh-98,3.3824,b-spectra,8.7,m,Non-Medical
Mn-56,3.3696,gamma,2.5789,h,Non-Medical
Fe-61,3.3649,gamma,5.98,m,Non-Medical
Cs-138m,3.3632,b-spectra,2.91,m,Non-Medical
Re-180,3.3407,gamma,2.44,m,Non-Medical
Ga-72,3.3383,gamma,14.1,h,Non-Medical
Gd-142,3.338,b-spectra,70.2,s,Non-Medical
Ho-170,3.32932,b-spectra,2.76,m,Non-Medical
Nb-98m,3.3254,gamma,51.3,m,Non-Medical
Pr-140,3.32,gamma,3.39,m,Non-Medical
Tm-164,3.3156,gamma,2,m,Non-Medical
Se-83,3.31232,b-spectra,22.3,m,Non-Medical
Tl-196,3.308,b-spectra,1.84,h,Non-Medical
Sc-44,3.30135,gamma,3.97,h,Non-Medical
Tc-93m,3.2981,gamma,43.5,m,Non-Medical
I-122,3.28897,gamma,3.63,m,Non-Medical
Pm-152m,3.2795,b-spectra,7.52,m,Non-Medical
Te-133m,3.27626,b-spectra,55.4,m,Non-Medical
Co-62m,3.2711,gamma,13.91,m,Non-Medical
Y-83m,3.24988,b-spectra,2.85,m,Non-Medical
Fe-53,3.2488,gamma,8.51,m,Non-Medical
Cd-103,3.245,gamma,7.3,m,Non-Medical
Ir-184,3.23523,b-spectra,3.09,h,Non-Medical
Ba-141,3.23,b-spectra,18.27,m,Non-Medical
Xe-121,3.2295,gamma,40.1,m,Non-Medical
Cd-119m,3.22306,b-spectra,2.2,m,Non-Medical
Pm-140m,3.2215,b-spectra,5.95,m,Non-Medical
Y-88,3.2197,gamma,106.65,d,Non-Medical
Ir-196,3.209,b-spectra,52,s,Non-Medical
Sn-127,3.201,b-spectra,2.1,h,Non-Medical
Ag-101,3.1974,gamma,11.1,m,Non-Medical
Cs-123,3.183,b-spectra,5.88,m,Non-Medical
Gd-148,3.18277,alpha,74.6,y,Non-Medical
Pt-190,3.18056,alpha,6.5E+11,y,Non-Medical
Ni-57,3.17728,gamma,35.6,h,Non-Medical
Tl-198,3.1646,gamma,5.3,h,Non-Medical
Au-192,3.158,gamma,4.94,h,Non-Medical
Te-115m,3.1576,b-spectra,6.7,m,Non-Medical
Sm-141,3.1491,b-spectra,10.2,m,Non-Medical
Br-82m,3.13855,b-spectra,6.13,m,Non-Medical
I-120m,3.1368,b-spectra,53,m,Non-Medical
Ru-92,3.133,gamma,3.65,m,Non-Medical
Ir-186,3.1322,gamma,16.64,h,Non-Medical
Y-85m,3.13,gamma,4.86,h,Non-Medical
Ga-65,3.1143,gamma,15.2,m,Non-Medical
Nb-90,3.114,gamma,14.6,h,Non-Medical
Co-55,3.1083,gamma,17.53,h,Non-Medical
Zn-63,3.1007,gamma,38.47,m,Non-Medical
Sm-141m,3.1004,b-spectra,22.6,m,Non-Medical
Ag-115,3.1,b-spectra,20,m,Non-Medical
Ag-104,3.0978,gamma,69.2,m,Non-Medical
Bi-197,3.08695,b-spectra,9.3,m,Non-Medical
Eu-146,3.082,gamma,4.61,d,Non-Medical
Zn-60,3.075,b-spectra,2.38,m,Non-Medical
As-69,3.0585,gamma,15.23,m,Non-Medical
Pm-141,3.0565,gamma,20.9,m,Non-Medical
Fe-53m,3.0406,gamma,2.526,m,Non-Medical
Tc-93,3.0258,gamma,2.75,h,Non-Medical
Rb-79,3.0215,gamma,22.9,m,Non-Medical
Bi-204,3.0114,gamma,11.22,h,Non-Medical
Hf-167,3.008,b-spectra,2.05,m,Non-Medical
Sb-131,3.00775,b-spectra,23.03,m,Non-Medical
Br-78,3.0059,gamma,6.46,m,Non-Medical
In-107,3.005,gamma,32.4,m,Non-Medical
Ce-131,3.00178,b-spectra,10.2,m,Non-Medical
Pr-144,2.9975,b-spectra,17.28,m,Non-Medical
Ta-176,2.9954,gamma,8.09,h,Non-Medical
Tb-148m,2.99221,b-spectra,2.2,m,Non-Medical
I-124,2.9876,gamma,4.176,d,Medical - Imaging
Pd-99,2.982,gamma,21.4,m,Non-Medical
As-76,2.962,b-spectra,1.0778,d,Non-Medical
Bi-200,2.95941,b-spectra,36.4,m,Non-Medical
Tl-195,2.959,gamma,1.16,h,Non-Medical
Ar-44,2.9573,b-spectra,11.87,m,Non-Medical
Au-202,2.95,b-spectra,28.8,s,Non-Medical
Bi-203,2.9454,gamma,11.76,h,Non-Medical
Ac-230,2.94,b-spectra,122,s,Non-Medical
Ru-107,2.94,b-spectra,3.75,m,Non-Medical
Al-26,2.938,gamma,717000,y,Non-Medical
S-38,2.937,b-spectra,170.3,m,Non-Medical
Ir-186m,2.9202,gamma,1.92,h,Non-Medical
Kr-88,2.913,b-spectra,2.84,h,Non-Medical
Sb-130,2.90885,b-spectra,39.5,m,Non-Medical
Eu-147,2.90859,alpha,24.1,d,Non-Medical
Sr-81,2.908,b-spectra,22.3,m,Non-Medical
Sb-133,2.90678,b-spectra,2.5,m,Non-Medical
Sm-143,2.904,gamma,8.75,m,Non-Medical
Pa-236,2.8994,b-spectra,9.1,m,Non-Medical
Y-93,2.893,b-spectra,10.18,h,Non-Medical
Ag-110,2.8922,b-spectra,24.6,s,Non-Medical
Te-117,2.885,gamma,62,m,Non-Medical
Zr-87,2.883,gamma,1.68,h,Non-Medical
Dy-154,2.87041,alpha,3000000,y,Non-Medical
Ce-133m,2.8634,gamma,4.9,h,Non-Medical
Al-28,2.86289,b-spectra,2.2414,m,Non-Medical
Tm-166,2.8614,gamma,7.7,h,Non-Medical
Tb-165,2.85184,b-spectra,2.11,m,Non-Medical
Tl-194m,2.8485,b-spectra,32.8,m,Non-Medical
Gd-144,2.84,b-spectra,4.47,m,Non-Medical
I-134,2.84,gamma,52.5,m,Non-Medical
Nd-137,2.831,gamma,38.5,m,Non-Medical
Sc-42m,2.83079,b-spectra,62,s,Non-Medical
Fr-224,2.83,b-spectra,3.33,m,Non-Medical
Te-133,2.8253,gamma,12.5,m,Non-Medical
Ga-68,2.82173,gamma,67.71,m,Medical - Imaging
Zn-71,2.819,b-spectra,2.45,m,Non-Medical
Lu-165,2.818,b-spectra,10.74,m,Non-Medical
Sb-124,2.808,gamma,60.2,d,Non-Medical
Re-190m,2.80211,b-spectra,3.2,h,Non-Medical
V-47,2.7933,gamma,32.6,m,Non-Medical
Lu-180,2.79145,b-spectra,5.7,m,Non-Medical
Ta-173,2.7846,gamma,3.14,h,Non-Medical
Ac-233,2.77,b-spectra,145,s,Non-Medical
I-130m,2.7626,gamma,8.84,m,Non-Medical
Os-186,2.76127,alpha,2E+15,y,Non-Medical
Bi-206,2.7596,gamma,6.243,d,Non-Medical
I-132,2.7578,gamma,2.295,h,Non-Medical
Pb-199,2.7519,gamma,90,m,Non-Medical
Pb-195m,2.74522,b-spectra,15,m,Non-Medical
Gd-150,2.73405,alpha,1790000,y,Non-Medical
Sm-157,2.73,b-spectra,8.03,m,Non-Medical
Xe-138,2.72919,b-spectra,14.08,m,Non-Medical
Cs-125,2.726,gamma,45,m,Non-Medical
Sn-127m,2.7144,b-spectra,4.13,m,Non-Medical
Br-76m,2.71258,b-spectra,1.31,s,Non-Medical
Sr-91,2.707,b-spectra,9.63,h,Non-Medical
Ag-106,2.7049,gamma,23.96,m,Non-Medical
Np-242,2.7,b-spectra,2.2,m,Non-Medical
La-129,2.698,b-spectra,11.6,m,Non-Medical
Cu-69,2.6818,b-spectra,2.85,m,Non-Medical
Tb-147,2.6814,gamma,1.64,h,Non-Medical
Sb-118,2.6775,gamma,3.6,m,Non-Medical
Mn-57,2.67659,b-spectra,85.4,s,Non-Medical
In-119m,2.67537,b-spectra,18,m,Non-Medical
In-108,2.6715,gamma,58,m,Non-Medical
Rb-82m,2.67136,b-spectra,6.472,h,Non-Medical
Pr-135,2.667,b-spectra,24,m,Non-Medical
Ho-168,2.66592,b-spectra,2.99,m,Non-Medical
Cd-117m,2.6614,b-spectra,3.36,h,Non-Medical
Cd-105,2.6604,gamma,55.5,m,Non-Medical
Dy-149,2.65824,b-spectra,4.2,m,Non-Medical
Os-181,2.647,gamma,105,m,Non-Medical
Cu-66,2.642,b-spectra,5.12,m,Non-Medical
Nb-89m,2.638,b-spectra,66,m,Non-Medical
Pr-147,2.63016,b-spectra,13.4,m,Non-Medical
Ir-188,2.62245,gamma,41.5,h,Non-Medical
Eu-148,2.62212,alpha,54.5,d,Non-Medical
Mo-101,2.61648,b-spectra,14.61,m,Non-Medical
Tl-208,2.61453,gamma,3.053,m,Non-Medical
Hf-173,2.6131,gamma,23.6,h,Non-Medical
Bi-208,2.61,gamma,368000,y,Non-Medical
Bi-205,2.6071,gamma,15.31,d,Non-Medical
Cr-55,2.6031,b-spectra,3.497,m,Non-Medical
Rh-109,2.591,b-spectra,80,s,Non-Medical
Sb-115,2.5898,gamma,32.1,m,Non-Medical
Sb-128m,2.58285,b-spectra,10.4,m,Non-Medical
Gd-151,2.58239,alpha,124,d,Non-Medical
Xe-123,2.5803,gamma,2.08,h,Non-Medical
Lu-181,2.57118,b-spectra,3.5,m,Non-Medical
Pb-197,2.57,b-spectra,8,m,Non-Medical
Br-85,2.56512,b-spectra,2.9,m,Non-Medical
Eu-145,2.5594,gamma,5.93,d,Non-Medical
Lu-167,2.559,gamma,51.5,m,Non-Medical
Pb-202,2.54652,alpha,52500,y,Non-Medical
Pr-137,2.51798,gamma,1.28,h,Non-Medical
Se-73,2.51731,gamma,7.15,h,Non-Medical
Tb-162,2.51,b-spectra,7.6,m,Non-Medical
Ge-77,2.50725,b-spectra,11.3,h,Non-Medical
Co-60,2.50569,gamma,5.2713,y,Non-Medical
Cs-130,2.5036,gamma,29.21,m,Non-Medical
La-141,2.502,b-spectra,3.92,h,Non-Medical
Ar-41,2.49161,b-spectra,109.61,m,Non-Medical
Zn-71m,2.4894,gamma,3.96,h,Non-Medical
La-136,2.4854,gamma,9.87,m,Non-Medical
Se-73m,2.48478,gamma,39.8,m,Non-Medical
I-135,2.4771,gamma,6.57,h,Non-Medical
Pm-148,2.468,b-spectra,5.368,d,Non-Medical
Ba-127,2.4678,gamma,12.7,m,Non-Medical
Ce-145,2.46746,b-spectra,3.01,m,Non-Medical
Sm-146,2.45967,alpha,103000000,y,Non-Medical
Eu-156,2.451,b-spectra,15.19,d,Non-Medical
Au-194,2.4474,gamma,38.02,h,Non-Medical
Ag-103,2.4465,gamma,65.7,m,Non-Medical
Eu-159,2.44623,b-spectra,18.1,m,Non-Medical
Nd-151,2.442,b-spectra,12.44,m,Non-Medical
Rh-104,2.441,b-spectra,42.3,s,Non-Medical
In-121,2.43942,b-spectra,23.1,s,Non-Medical
Hf-174,2.43741,alpha,2E+15,y,Non-Medical
V-53,2.42983,b-spectra,1.61,m,Non-Medical
Er-159,2.429,gamma,36,m,Non-Medical
Al-29,2.42591,gamma,6.56,m,Non-Medical
V-48,2.4218,gamma,15.9735,d,Non-Medical
Te-131m,2.41525,b-spectra,30,h,Non-Medical
Ru-95,2.4102,gamma,1.643,h,Non-Medical
Yb-163,2.407,b-spectra,11.05,m,Non-Medical
Am-246m,2.406,b-spectra,25,m,Non-Medical
Te-114,2.4042,gamma,15.2,m,Non-Medical
Bi-201,2.4032,gamma,108,m,Non-Medical
I-134m,2.40219,b-spectra,3.6,m,Non-Medical
Zr-89m,2.39852,b-spectra,4.161,m,Non-Medical
Fr-227,2.38697,b-spectra,2.47,m,Non-Medical
Tm-161,2.374,gamma,30.2,m,Non-Medical
Sn-125,2.363,b-spectra,9.64,d,Non-Medical
Sb-118m,2.361,gamma,5,h,Non-Medical
Te-119m,2.3604,gamma,4.7,d,Non-Medical
Ir-183,2.33169,b-spectra,58,m,Non-Medical
Sn-111,2.3233,gamma,35.3,m,Non-Medical
Y-90m,2.31897,gamma,3.19,h,Non-Medical
Ba-139,2.3168,b-spectra,83.06,m,Non-Medical
Br-82,2.31608,b-spectra,35.3,h,Non-Medical
Re-182m,2.316,gamma,12.7,h,Non-Medical
Mn-51,2.31252,gamma,46.2,m,Non-Medical
Tl-200,2.2964,gamma,26.1,h,Non-Medical
Er-173,2.29227,b-spectra,1.434,m,Non-Medical
As-79,2.2809,b-spectra,9.01,m,Non-Medical
Pb-197m,2.2807,b-spectra,43,m,Non-Medical
Y-90,2.2801,b-spectra,64.1,h,Medical - Therapy
Sb-129,2.2745,b-spectra,4.4,h,Non-Medical
Tm-163,2.2745,gamma,1.81,h,Non-Medical
Pa-234m,2.273,b-spectra,1.17,m,Non-Medical
La-131,2.27123,gamma,59,m,Non-Medical
Lu-172,2.26502,gamma,6.7,d,Non-Medical
Rh-102,2.2613,gamma,207,d,Non-Medical
Pm-145,2.2579,alpha,17.7,y,Non-Medical
Mn-52,2.25742,gamma,5.591,d,Non-Medical
Pa-237,2.25,b-spectra,8.7,m,Non-Medical
Sm-147,2.24759,alpha,1.06E+11,y,Non-Medical
Ir-194,2.2468,b-spectra,19.28,h,Non-Medical
Ho-155,2.2413,gamma,48,m,Non-Medical
Au-200,2.24,b-spectra,48.4,m,Non-Medical
Pr-138m,2.2364,gamma,2.12,h,Non-Medical
Cr-49,2.2362,gamma,42.3,m,Non-Medical
In-116m,2.2255,gamma,54.41,m,Non-Medical
Ne-19,2.2164,b-spectra,17.22,s,Non-Medical
Sm-143m,2.21299,b-spectra,66,s,Non-Medical
Cd-117,2.2097,b-spectra,2.49,h,Non-Medical
Np-240m,2.208,b-spectra,7.22,m,Non-Medical
Yb-165,2.2045,gamma,9.9,m,Non-Medical
Br-84m,2.2034,b-spectra,6,m,Non-Medical
Nd-139m,2.2012,gamma,5.5,h,Non-Medical
As-74,2.1982,gamma,17.77,d,Non-Medical
Lu-169,2.19149,gamma,34.06,h,Non-Medical
Re-190,2.1655,gamma,3.1,m,Non-Medical
Pr-142,2.1622,b-spectra,19.12,h,Non-Medical
Mo-93m,2.1618,gamma,6.85,h,Non-Medical
Co-60m,2.15877,gamma,10.467,m,Non-Medical
Pd-111,2.15715,b-spectra,23.4,m,Non-Medical
Ti-51,2.15342,b-spectra,5.76,m,Non-Medical
Sr-83,2.14764,gamma,32.41,h,Non-Medical
Gd-152,2.14655,alpha,1.08E+14,y,Non-Medical
Tb-156,2.1384,gamma,5.35,d,Non-Medical
Ni-65,2.1362,b-spectra,2.51719,h,Non-Medical
I-119,2.13052,b-spectra,19.1,m,Non-Medical
Kr-77,2.1291,gamma,74.4,m,Non-Medical
Cu-61,2.124,gamma,3.333,h,Non-Medical
Re-188,2.1204,b-spectra,17.004,h,Medical - Therapy
I-128,2.119,b-spectra,24.99,m,Non-Medical
Sn-125m,2.113,gamma,9.52,m,Non-Medical
Lu-178,2.0991,b-spectra,28.4,m,Non-Medical
Dy-167,2.09066,b-spectra,6.2,m,Non-Medical
Pr-139,2.09,gamma,4.41,h,Non-Medical
Ag-106m,2.084,gamma,8.28,d,Non-Medical
Te-131,2.08328,b-spectra,25,m,Non-Medical
Pa-234,2.0722,gamma,6.7,h,Non-Medical
Hg-191m,2.0698,b-spectra,50.8,m,Non-Medical
Ac-228,2.06924,b-spectra,6.15,h,Non-Medical
Rh-99,2.0592,gamma,16.1,d,Non-Medical
Yb-179,2.0576,b-spectra,8,m,Non-Medical
Ir-185,2.0497,gamma,14.4,h,Non-Medical
Sb-128,2.04616,b-spectra,9.01,h,Non-Medical
I-126,2.04509,gamma,12.93,d,Non-Medical
Ge-69,2.0449,gamma,39.05,h,Non-Medical
Fr-222,2.032,b-spectra,14.2,m,Non-Medical
Fe-62,2.0239,b-spectra,68,s,Non-Medical
Sm-140,2.0175,gamma,14.82,m,Non-Medical
Ag-113,2.016,b-spectra,5.37,h,Non-Medical
Hg-193,2.0146,gamma,3.8,h,Non-Medical
Sc-46,2.01,gamma,83.79,d,Non-Medical
Br-75,2.008,b-spectra,96.7,m,Non-Medical
Ag-110m,2.0038,gamma,249.76,d,Non-Medical
Br-80,2.001,b-spectra,17.68,m,Non-Medical
Y-85,1.99923,b-spectra,2.68,h,Non-Medical
Ne-24,1.99779,b-spectra,3.38,m,Non-Medical
Sc-49,1.994,b-spectra,57.2,m,Non-Medical
Ca-47,1.9919,b-spectra,4.536,d,Non-Medical
In-114,1.9887,b-spectra,71.9,s,Non-Medical
Gd-147,1.9867,gamma,38.1,h,Non-Medical
Cs-132,1.98564,gamma,6.479,d,Non-Medical
In-110,1.98277,gamma,4.9,h,Non-Medical
Pt-187,1.981,b-spectra,2.35,h,Non-Medical
Sb-122,1.9786,b-spectra,2.7238,d,Non-Medical
Cs-127,1.9734,gamma,6.25,h,Non-Medical
As-71,1.96503,gamma,65.28,h,Non-Medical
Hg-193m,1.9636,gamma,11.8,h,Non-Medical
Eu-150m,1.963,gamma,12.8,h,Non-Medical
Ce-133,1.96074,b-spectra,97,m,Non-Medical
Sn-108,1.9572,gamma,10.3,m,Non-Medical
Tc-96m,1.9571,gamma,51.5,m,Non-Medical
Cd-102,1.956,gamma,5.5,m,Non-Medical
Ba-142,1.9557,b-spectra,10.6,m,Non-Medical
Dy-155,1.95476,gamma,9.9,h,Non-Medical
Ba-129,1.9536,gamma,2.23,h,Non-Medical
Os-183m,1.94813,gamma,9.9,h,Non-Medical
Tl-209,1.94378,b-spectra,2.161,m,Medical - Daughter of Ac-225
Sr-92,1.94,b-spectra,2.66,h,Non-Medical
Kr-74,1.93816,b-spectra,11.5,m,Non-Medical
Np-232,1.936,gamma,14.7,m,Non-Medical
Sm-148,1.93229,alpha,7E+15,y,Non-Medical
Sc-43,1.9307,gamma,3.891,h,Non-Medical
Th-235,1.92,b-spectra,7.1,m,Non-Medical
Ru-105,1.916,b-spectra,4.44,h,Non-Medical
Os-183,1.91554,gamma,13,h,Non-Medical
Sb-126m,1.9152,b-spectra,19.15,m,Non-Medical
Zr-97,1.91495,b-spectra,16.744,h,Non-Medical
Bi-215,1.9109,b-spectra,7.6,m,Non-Medical
C-10,1.91068,b-spectra,19.255,s,Non-Medical
Rb-81m,1.9026,gamma,30.5,m,Non-Medical
Rb-84,1.89775,gamma,32.77,d,Non-Medical
Sb-126,1.8969,b-spectra,12.35,d,Non-Medical
Eu-154,1.895,gamma,8.593,y,Non-Medical
Np-240,1.89369,b-spectra,61.9,m,Non-Medical
Ta-175,1.8918,gamma,10.5,h,Non-Medical
I-121,1.8916,gamma,2.12,h,Non-Medical
Ba-129m,1.8907,gamma,2.16,h,Non-Medical
Rn-223,1.88712,b-spectra,24.3,m,Non-Medical
La-133,1.8867,gamma,3.912,h,Non-Medical
Pr-144m,1.8853,gamma,7.2,m,Non-Medical
Tm-175,1.8853,b-spectra,15.2,m,Non-Medical
Pm-153,1.881,b-spectra,5.25,m,Non-Medical
Tm-172,1.88,b-spectra,63.6,h,Non-Medical
Ac-231,1.87862,b-spectra,7.5,m,Non-Medical
Te-119,1.8753,gamma,16.05,h,Non-Medical
Rb-81,1.874,gamma,4.576,h,Non-Medical
Er-161,1.8678,gamma,3.21,h,Non-Medical
Eu-152m,1.8644,b-spectra,9.3116,h,Non-Medical
In-109,1.8606,gamma,4.2,h,Non-Medical
Nd-141m,1.8554,gamma,62,s,Non-Medical
Ho-166,1.8539,b-spectra,26.8,h,Medical - Therapy
Nd-144,1.85224,alpha,2.29E+15,y,Non-Medical
Ce-135,1.85,gamma,17.7,h,Non-Medical
Se-84,1.848,b-spectra,3.1,m,Non-Medical
Nb-92m,1.8475,gamma,10.15,d,Non-Medical
Rh-106m,1.8406,gamma,131,m,Non-Medical
Dy-148,1.8401,gamma,3.3,m,Non-Medical
Hf-169,1.8351,b-spectra,3.24,m,Non-Medical
Ti-52,1.83439,b-spectra,1.7,m,Non-Medical
Eu-150,1.8333,gamma,36.9,y,Non-Medical
Rh-100m,1.8275,gamma,4.6,m,Non-Medical
Na-22,1.8202,b-spectra,2.6019,y,Non-Medical
Ta-185,1.81809,b-spectra,49.4,m,Non-Medical
Pt-189,1.8155,gamma,10.87,h,Non-Medical
K-43,1.815,b-spectra,22.3,h,Non-Medical
Pb-201,1.8131,gamma,9.33,h,Non-Medical
Re-179,1.80888,gamma,19.5,m,Non-Medical
Yb-167,1.8078,gamma,17.5,m,Non-Medical
Ho-162,1.806,gamma,15,m,Non-Medical
Ho-162m,1.806,gamma,67,m,Non-Medical
Pr-145,1.805,b-spectra,5.984,h,Non-Medical
Ti-45,1.801,gamma,184.8,m,Non-Medical
Pt-202,1.8,b-spectra,44,h,Non-Medical
Rh-104m,1.7932,gamma,4.34,m,Non-Medical
Nd-139,1.789,b-spectra,29.7,m,Non-Medical
Ho-157,1.7886,gamma,12.6,m,Non-Medical
Hf-183,1.78431,gamma,1.067,h,Non-Medical
Bk-250,1.78,b-spectra,3.212,h,Non-Medical
Rb-86,1.7742,b-spectra,18.642,d,Non-Medical
Ta-178,1.771,IE,9.31,m,Non-Medical
In-117m,1.7703,b-spectra,116.2,m,Non-Medical
Bi-207,1.77023,gamma,32.9,y,Non-Medical
Ge-66,1.7695,gamma,2.26,h,Non-Medical
Eu-152,1.76909,gamma,13.537,y,Non-Medical
Mg-27,1.76684,b-spectra,9.458,m,Non-Medical
Tc-94,1.7656,gamma,293,m,Non-Medical
La-132m,1.75648,b-spectra,24.3,m,Non-Medical
Tb-160,1.74851,b-spectra,72.3,d,Non-Medical
Zr-89,1.7445,gamma,78.41,h,Medical - Imaging
Ag-113m,1.74441,b-spectra,68.7,s,Non-Medical
I-130,1.74439,b-spectra,12.36,h,Non-Medical
F-17,1.7388,b-spectra,64.49,s,Non-Medical
Np-234,1.738,gamma,4.4,d,Non-Medical
Nd-134,1.7324,b-spectra,8.5,m,Non-Medical
O-15,1.732,b-spectra,122.24,s,Medical - Imaging
Pd-101,1.7296,gamma,8.47,h,Non-Medical
Fe-52,1.72757,gamma,8.275,h,Non-Medical
Tb-152m,1.72304,b-spectra,4.2,m,Non-Medical
Ta-182,1.71349,b-spectra,114.43,d,Non-Medical
P-32,1.71066,b-spectra,14.263,d,Medical - Therapy
Ba-124,1.708,gamma,11,m,Non-Medical
Pt-199,1.702,b-spectra,30.8,m,Non-Medical
Es-256,1.7,b-spectra,25.4,m,Non-Medical
Tl-197,1.69367,gamma,2.84,h,Non-Medical
Xe-135m,1.69155,b-spectra,15.29,m,Non-Medical
In-112,1.6835,gamma,14.97,m,Non-Medical
Tc-95,1.683,gamma,20,h,Non-Medical
Co-58,1.67473,gamma,70.86,d,Non-Medical
Sb-124m,1.66682,b-spectra,93,s,Non-Medical
Tc-95m,1.66027,gamma,61,d,Non-Medical
Sb-120,1.659,b-spectra,15.89,m,Non-Medical
Es-250m,1.6581,gamma,2.22,h,Non-Medical
Nd-141,1.65704,gamma,2.49,h,Non-Medical
Ga-70,1.656,b-spectra,21.14,m,Non-Medical
Sn-106,1.6521,b-spectra,1.92,m,Non-Medical
Ag-108,1.649,b-spectra,2.37,m,Non-Medical
Tm-174,1.6315,gamma,5.4,m,Non-Medical
Re-182,1.6314,gamma,64,h,Non-Medical
Nb-97,1.62909,gamma,72.1,m,Non-Medical
Sm-155,1.6271,b-spectra,22.3,m,Non-Medical
Cd-115m,1.627,b-spectra,44.6,d,Non-Medical
Nb-96,1.6259,gamma,23.35,h,Non-Medical
Tc-96,1.6257,gamma,4.28,d,Non-Medical
Pd-96,1.6256,gamma,122,s,Non-Medical
Am-247,1.62,b-spectra,23,m,Non-Medical
Mg-28,1.62,gamma,20.915,h,Non-Medical
Se-70,1.6188,gamma,41.1,m,Non-Medical
Np-242m,1.6079,b-spectra,5.5,m,Non-Medical
Ho-160,1.6064,gamma,25.6,m,Non-Medical
Te-129m,1.6034,b-spectra,33.6,d,Non-Medical
I-133,1.58994,gamma,20.8,h,Non-Medical
Se-81,1.585,b-spectra,18.45,m,Non-Medical
Sb-117,1.578,gamma,2.8,h,Non-Medical
In-119,1.57699,b-spectra,2.4,m,Non-Medical
Nd-149,1.57669,b-spectra,1.728,h,Non-Medical
Kr-79,1.5737,gamma,35.04,h,Non-Medical
Tm-168,1.5695,gamma,93.1,d,Non-Medical
Fe-59,1.5652,b-spectra,44.495,d,Non-Medical
Ho-166m,1.56257,gamma,1200,y,Non-Medical
Xe-125,1.5624,gamma,16.9,h,Non-Medical
Ni-56,1.5618,gamma,6.075,d,Non-Medical
Ho-159,1.5556,gamma,33.05,m,Non-Medical
V-50,1.55377,gamma,1.50E+17,y,Non-Medical
Cs-136,1.5513,gamma,13.16,d,Non-Medical
Y-91,1.5448,b-spectra,58.51,d,Non-Medical
Re-181,1.538,gamma,19.9,h,Non-Medical
Tb-150m,1.5366,b-spectra,5.8,m,Non-Medical
Tl-206,1.5335,b-spectra,4.2,m,Non-Medical
Hg-205,1.533,b-spectra,5.2,m,Non-Medical
Bi-212n,1.5301,b-spectra,7,m,Non-Medical
Ga-73,1.52626,b-spectra,4.86,h,Non-Medical
Zn-62,1.5259,gamma,9.186,h,Non-Medical
Ir-192m,1.51644,b-spectra,1.45,m,Non-Medical
Am-244m,1.5159,b-spectra,26,m,Non-Medical
Rh-107,1.511,b-spectra,21.7,m,Non-Medical
Pm-144,1.5106,gamma,363,d,Non-Medical
Cr-56,1.507,b-spectra,5.94,m,Non-Medical
Sb-116m,1.50103,gamma,60.3,m,Non-Medical
Rh-99m,1.4995,gamma,4.7,h,Non-Medical
Tb-153,1.496,gamma,2.34,d,Non-Medical
Sr-89,1.4951,b-spectra,50.53,d,Medical - Therapy
Ir-190,1.4949,gamma,11.78,d,Non-Medical
Sb-127,1.49274,b-spectra,3.85,d,Non-Medical
Er-171,1.4907,b-spectra,7.516,h,Non-Medical
Si-31,1.4905,b-spectra,157.3,m,Non-Medical
Nd-136,1.489,gamma,50.65,m,Non-Medical
I-132m,1.4849,b-spectra,1.387,h,Non-Medical
Ir-196m,1.4825,gamma,1.4,h,Non-Medical
Mo-90,1.4816,gamma,5.56,h,Non-Medical
Y-86m,1.4808,b-spectra,48,m,Non-Medical
Te-129,1.4701,b-spectra,69.6,m,Non-Medical
Ce-143,1.4614,b-spectra,33.039,h,Non-Medical
K-40,1.46082,gamma,1251000000,y,Non-Medical
Cs-134,1.45378,b-spectra,2.0648,y,Non-Medical
Pd-114,1.451,b-spectra,2.42,m,Non-Medical
Au-196,1.4463,gamma,6.183,d,Non-Medical
Sn-130,1.44568,b-spectra,3.72,m,Non-Medical
Hg-195,1.4432,gamma,10.53,h,Non-Medical
Ta-184,1.44107,b-spectra,8.7,h,Non-Medical
La-138,1.4358,gamma,1.02E+11,y,Non-Medical
Ce-130,1.4313,gamma,22.9,m,Non-Medical
Re-184,1.43096,gamma,38,d,Non-Medical
Tm-165,1.4274,gamma,30.06,h,Non-Medical
Tl-207,1.427,b-spectra,4.77,m,Medical - Daughter of Ra-223
Cm-251,1.42,b-spectra,16.8,m,Non-Medical
Pa-235,1.40696,b-spectra,24.5,m,Non-Medical
W-177,1.4061,gamma,132,m,Non-Medical
Lu-179,1.405,b-spectra,4.59,h,Non-Medical
Sn-123,1.4027,b-spectra,129.2,d,Non-Medical
Yb-177,1.398,b-spectra,1.911,h,Non-Medical
Tl-198m,1.392,gamma,1.87,h,Non-Medical
Pb-202m,1.3828,gamma,3.53,h,Non-Medical
Pb-211,1.379,b-spectra,36.1,m,Medical - Daughter of Ra-223
Ir-192,1.3782,gamma,73.827,d,Non-Medical
Au-198,1.37239,b-spectra,2.69517,d,Non-Medical
Tb-163,1.36312,b-spectra,19.5,m,Non-Medical
Ru-108,1.35,b-spectra,4.55,m,Non-Medical
Cu-64,1.34577,gamma,12.7,h,Medical - Imaging
Sm-142,1.345,gamma,72.49,m,Non-Medical
Pm-148m,1.3446,gamma,41.29,d,Non-Medical
Ba-131,1.34188,gamma,11.5,d,Non-Medical
Pa-232,1.337,b-spectra,1.31,d,Non-Medical
Cd-107,1.3258,gamma,6.5,h,Non-Medical
Rh-102m,1.3236,gamma,3.742,y,Non-Medical
Lu-174,1.3183,gamma,3.31,y,Non-Medical
Lu-176m,1.3158,b-spectra,3.635,h,Non-Medical
Dy-168,1.3128,b-spectra,8.7,m,Non-Medical
W-187,1.3124,b-spectra,23.72,h,Non-Medical
Sc-48,1.31212,gamma,43.67,h,Non-Medical
Lu-171,1.31134,gamma,8.24,d,Non-Medical
Hg-206,1.307,b-spectra,8.15,m,Non-Medical
Tc-101,1.30617,b-spectra,14.2,m,Non-Medical
Au-191,1.3023,gamma,3.18,h,Non-Medical
Np-241,1.30001,b-spectra,13.9,m,Non-Medical
Eu-157,1.29908,b-spectra,15.18,h,Non-Medical
Ra-227,1.29883,b-spectra,42.2,m,Non-Medical
Tm-173,1.298,b-spectra,8.24,h,Non-Medical
Ba-126,1.293,gamma,100,m,Non-Medical
Dy-165,1.2867,b-spectra,2.334,h,Non-Medical
Hg-195m,1.2864,gamma,41.6,h,Non-Medical
Dy-157,1.2762,gamma,8.14,h,Non-Medical
Pb-204m,1.274,gamma,67.2,m,Non-Medical
Sn-123m,1.26697,b-spectra,40.06,m,Non-Medical
Lu-174m,1.26498,gamma,142,d,Non-Medical
U-239,1.2635,b-spectra,23.45,m,Non-Medical
Tb-151m,1.26284,b-spectra,25,s,Non-Medical
Pd-98,1.2625,gamma,17.7,m,Non-Medical
Au-201,1.26042,b-spectra,26,m,Non-Medical
Co-61,1.25428,b-spectra,1.65,h,Non-Medical
Np-238,1.24792,b-spectra,2.117,d,Non-Medical
Gd-149,1.24641,gamma,9.28,d,Non-Medical
Th-233,1.2435,b-spectra,22.3,m,Non-Medical
Br-77,1.2305,gamma,57.036,h,Non-Medical
Re-184m,1.22129,gamma,169,d,Non-Medical
Tl-199,1.22116,gamma,7.42,h,Non-Medical
Y-87m,1.22042,b-spectra,13.37,h,Non-Medical
Nb-94m,1.21509,b-spectra,6.263,m,Non-Medical
Mo-99,1.21452,b-spectra,65.94,h,Non-Medical
Nb-91m,1.20467,gamma,60.86,d,Non-Medical
U-242,1.20001,b-spectra,16.8,m,Non-Medical
N-13,1.19849,b-spectra,9.965,m,Medical - Imaging
Am-246,1.1974,b-spectra,39,m,Non-Medical
Tb-158,1.18714,gamma,180,y,Non-Medical
Pm-151,1.187,b-spectra,28.4,h,Non-Medical
Ge-75,1.1766,b-spectra,82.78,m,Non-Medical
Cs-137,1.17563,b-spectra,30.1671,y,Non-Medical
La-135,1.17389,gamma,19.5,h,Non-Medical
Sb-120m,1.1717,gamma,5.76,d,Non-Medical
Pu-245,1.1663,gamma,10.5,h,Non-Medical
Nb-95m,1.16129,b-spectra,3.61,d,Non-Medical
Ce-137,1.16085,gamma,9,h,Non-Medical
Os-196,1.16,b-spectra,34.9,m,Non-Medical
Sc-44m,1.157,gamma,58.61,h,Non-Medical
Se-81m,1.15196,b-spectra,57.28,m,Non-Medical
Te-121m,1.14465,gamma,154,d,Non-Medical
Xe-120,1.1427,gamma,40,m,Non-Medical
Os-193,1.1405,b-spectra,30.11,h,Non-Medical
In-117,1.14042,b-spectra,43.2,m,Non-Medical
Tl-206m,1.1399,gamma,3.74,m,Non-Medical
Ag-105,1.1257,gamma,41.29,d,Non-Medical
Zr-95,1.1248,b-spectra,64.032,d,Non-Medical
Bk-246,1.1243,gamma,1.8,d,Non-Medical
Au-193,1.124,gamma,17.65,h,Non-Medical
Zn-65,1.11554,gamma,244.06,d,Non-Medical
Er-163,1.1135,gamma,75,m,Non-Medical
Ir-187,1.11199,gamma,10.5,h,Non-Medical
Hf-184,1.1116,b-spectra,4.12,h,Non-Medical
Nd-152,1.11,b-spectra,11.4,m,Non-Medical
Th-236,1.11,b-spectra,37.5,m,Non-Medical
Cd-115,1.10974,b-spectra,53.46,h,Non-Medical
Ir-195,1.107,b-spectra,2.5,h,Non-Medical
Ag-105m,1.09826,gamma,7.23,m,Non-Medical
Bk-251,1.093,b-spectra,55.6,m,Non-Medical
Lu-178m,1.07543,b-spectra,23.1,m,Non-Medical
Pm-149,1.071,b-spectra,53.08,h,Non-Medical
Kr-76,1.0703,gamma,14.8,h,Non-Medical
Re-186,1.0695,b-spectra,3.7183,d,Medical - Therapy
I-123,1.06812,gamma,13.27,h,Medical - Imaging
Te-116,1.0646,gamma,2.49,h,Non-Medical
Xe-135,1.06241,gamma,9.14,h,Non-Medical
Ta-177,1.0578,gamma,56.56,h,Non-Medical
Gd-162,1.04859,b-spectra,8.4,m,Non-Medical
Ag-111,1.0368,b-spectra,7.45,d,Non-Medical
Dy-165m,1.03329,b-spectra,1.257,m,Non-Medical
Es-250,1.0285,gamma,8.6,h,Non-Medical
Hf-181,1.0283,b-spectra,42.39,d,Non-Medical
Pd-109,1.02786,b-spectra,13.7012,h,Non-Medical
Te-134,1.027,gamma,41.8,m,Non-Medical
Pb-214,1.023,b-spectra,26.8,m,Non-Medical
Yb-164,1.0192,gamma,75.8,m,Non-Medical
Ba-140,1.01703,b-spectra,12.752,d,Non-Medical
Mo-102,1.014,b-spectra,11.3,m,Non-Medical
Ir-194m,1.0118,gamma,171,d,Non-Medical
Re-189,1.008,b-spectra,24.3,h,Non-Medical
Ho-167,1.007,b-spectra,3.1,h,Non-Medical
Ce-137m,1.00449,gamma,34.4,h,Non-Medical
Gd-159,0.9706,b-spectra,18.479,h,Non-Medical
Ru-97,0.96965,gamma,2.9,d,Non-Medical
Tm-170,0.968,b-spectra,128.6,d,Non-Medical
Br-83,0.96359,b-spectra,2.4,h,Non-Medical
Ho-164,0.9628,b-spectra,29,m,Non-Medical
C-11,0.9602,b-spectra,20.39,m,Medical - Imaging
Tl-202,0.9597,gamma,12.23,d,Non-Medical
Pb-196,0.9541,gamma,37,m,Non-Medical
Hf-182m,0.9529,gamma,61.5,m,Non-Medical
Sr-85,0.951,gamma,64.84,d,Non-Medical
W-190,0.9503,b-spectra,30,m,Non-Medical
Ir-195m,0.94762,b-spectra,3.8,h,Non-Medical
Cs-129,0.946046,gamma,32.06,h,Non-Medical
Pt-191,0.93533,gamma,2.802,d,Non-Medical
Nb-92,0.9345,gamma,34700000,y,Non-Medical
Pr-143,0.9339,b-spectra,13.57,d,Non-Medical
Os-185,0.931057,gamma,93.6,d,Non-Medical
Nb-95,0.9256,b-spectra,34.991,d,Non-Medical
Hf-170,0.9231,gamma,16.01,h,Non-Medical
Sr-85m,0.9198,gamma,67.63,m,Non-Medical
Y-89m,0.90896,gamma,15.663,s,Non-Medical
Zn-69,0.906,b-spectra,56.4,m,Non-Medical
Au-200m,0.90423,gamma,18.7,h,Non-Medical
Am-244,0.897848,gamma,10.1,h,Non-Medical
Nd-147,0.8953,b-spectra,10.98,d,Non-Medical
Am-245,0.8947,b-spectra,2.05,h,Non-Medical
Er-172,0.894,gamma,49.3,h,Non-Medical
Cm-249,0.8922,b-spectra,64.15,m,Non-Medical
Ru-94,0.8912,gamma,51.8,m,Non-Medical
Ga-67,0.887693,gamma,3.2612,d,Medical - Imaging
Nb-94,0.871091,gamma,20300,y,Non-Medical
Bk-248m,0.87,b-spectra,23.7,h,Non-Medical
Pb-198,0.8653,gamma,2.4,h,Non-Medical
Yb-162,0.85671,gamma,18.87,m,Non-Medical
Ag-111m,0.85124,b-spectra,64.8,s,Non-Medical
Cs-135m,0.8461,gamma,53,m,Non-Medical
Sr-80,0.842,b-spectra,106.3,m,Non-Medical
Kr-85m,0.84108,b-spectra,4.48,h,Non-Medical
Mn-54,0.834848,gamma,312.12,d,Non-Medical
In-115m,0.83124,b-spectra,4.486,h,Non-Medical
Se-75,0.8216,gamma,119.779,d,Non-Medical
Ce-132,0.82034,gamma,3.51,h,Non-Medical
Sm-153,0.8082,b-spectra,46.5,h,Medical - Therapy
I-131,0.80687,b-spectra,8.0207,d,Medical - Imaging
Rb-83,0.79937,gamma,86.2,d,Non-Medical
Pm-146,0.79476,b-spectra,5.53,y,Non-Medical
Ho-161,0.79068,gamma,2.48,h,Non-Medical
Yb-169,0.78164,gamma,32.026,d,Non-Medical
Zn-69m,0.77074,b-spectra,13.76,h,Non-Medical
Tl-204,0.7637,b-spectra,3.78,y,Non-Medical
Ru-103,0.7634,b-spectra,39.26,d,Non-Medical
Tc-98,0.74535,gamma,4200000,y,Non-Medical
Pm-143,0.74198,gamma,265,d,Non-Medical
Sb-125,0.7298,gamma,2.75856,y,Non-Medical
Te-127m,0.72862,b-spectra,109,d,Non-Medical
Os-182,0.72698,gamma,22.1,h,Non-Medical
In-114m,0.72524,gamma,49.51,d,Non-Medical
Ag-108m,0.722907,gamma,418,y,Non-Medical
Sm-156,0.722,b-spectra,9.4,h,Non-Medical
Cf-255,0.72,b-spectra,85,m,Non-Medical
Pt-197,0.7189,b-spectra,19.8915,h,Non-Medical
Os-180,0.7174,gamma,21.5,m,Non-Medical
Np-239,0.71414,b-spectra,2.3565,d,Non-Medical
Ra-230,0.71,b-spectra,93,m,Non-Medical
Pt-197m,0.7095,b-spectra,95.41,m,Non-Medical
Cd-104,0.7093,gamma,57.7,m,Non-Medical
Cl-36,0.7086,b-spectra,301000,y,Non-Medical
Ta-180,0.708,b-spectra,8.152,h,Non-Medical
Co-57,0.70654,gamma,271.74,d,Non-Medical
Te-127,0.698,b-spectra,9.35,h,Non-Medical
Np-236m,0.68761,gamma,22.5,h,Non-Medical
Kr-85,0.6874,b-spectra,10.756,y,Non-Medical
As-77,0.6829,b-spectra,38.83,h,Non-Medical
Pb-203,0.680514,gamma,51.873,h,Non-Medical
Sn-128,0.6805,gamma,59.07,m,Non-Medical
Ge-78,0.6757,b-spectra,88,m,Non-Medical
Pt-200,0.67,b-spectra,12.5,h,Non-Medical
Am-242,0.6648,b-spectra,16.02,h,Non-Medical
Ba-137m,0.661657,gamma,2.552,m,Non-Medical
Tb-155,0.65893,gamma,5.32,d,Non-Medical
Ta-183,0.65841,b-spectra,5.1,d,Non-Medical
In-109m,0.6501,gamma,1.34,m,Non-Medical
Sn-113,0.64683,gamma,115.09,d,Non-Medical
Yb-178,0.645,b-spectra,74,m,Non-Medical
Pb-209,0.6444,b-spectra,3.253,h,Medical - Daughter of Ac-225
Hf-177m,0.6382,gamma,51.4,m,Non-Medical
Hg-190,0.6379,gamma,20,m,Non-Medical
Eu-149,0.6365,gamma,93.1,d,Non-Medical
Lu-173,0.63611,gamma,1.37,y,Non-Medical
F-18,0.6335,b-spectra,109.77,m,Medical - Imaging
Ba-133m,0.6325,gamma,38.9,h,Non-Medical
Pb-201m,0.6291,gamma,61,s,Non-Medical
Zr-86,0.6206,gamma,16.5,h,Non-Medical
Xe-127,0.6184,gamma,36.4,d,Non-Medical
Os-190m,0.6165,gamma,9.9,m,Non-Medical
Pb-200,0.60544,gamma,21.5,h,Non-Medical
Sc-47,0.6001,b-spectra,3.3492,d,Non-Medical
Ar-42,0.599,b-spectra,32.9,y,Non-Medical
Lu-176,0.59577,b-spectra,38500000000,y,Non-Medical
Tb-161,0.5931,b-spectra,6.906,d,Medical - Therapy
Cm-239,0.591,b-spectra,2.9,h,Non-Medical
Cs-130m,0.5862,gamma,3.46,m,Non-Medical
Cd-113m,0.5837,b-spectra,14.1,y,Non-Medical
Pu-243,0.581,b-spectra,4.956,h,Non-Medical
Ce-141,0.5807,b-spectra,32.508,d,Non-Medical
Gd-146,0.576,gamma,48.27,d,Non-Medical
Hf-178m,0.574215,gamma,31,y,Non-Medical
Pb-212,0.574,b-spectra,10.64,h,Medical - Therapy
Te-121,0.573139,gamma,19.16,d,Non-Medical
Pa-233,0.5721,b-spectra,26.967,d,Non-Medical
Rh-105,0.5662,b-spectra,35.36,h,Non-Medical
Ar-39,0.565,b-spectra,269,y,Non-Medical
Cu-67,0.5617,b-spectra,61.83,h,Medical - Therapy
Be-10,0.5562,b-spectra,1510000,y,Non-Medical
Rb-86m,0.55607,gamma,1.017,m,Non-Medical
Y-91m,0.55557,gamma,49.71,m,Non-Medical
Sr-90,0.546,b-spectra,28.79,y,Non-Medical
Rh-101m,0.545117,gamma,4.34,d,Non-Medical
Nd-138,0.541,gamma,5.04,h,Non-Medical
In-111m,0.537,gamma,7.7,m,Non-Medical
Tm-167,0.53154,gamma,9.25,d,Non-Medical
Cd-118,0.52,b-spectra,50.3,m,Non-Medical
Cr-48,0.511,annihilation,21.56,h,Non-Medical
Nb-91,0.511,annihilation,680,y,Non-Medical
Ni-59,0.511,annihilation,101000,y,Non-Medical
Y-87,0.511,annihilation,79.8,h,Non-Medical
Hf-180m,0.500697,gamma,5.5,h,Non-Medical
Lu-177,0.4978,b-spectra,6.647,d,Medical - Therapy
Pd-103,0.49708,gamma,16.991,d,Non-Medical
In-115,0.496,b-spectra,4.41E+14,y,Non-Medical
Sm-145,0.49255,gamma,340,d,Non-Medical
Hg-203,0.4918,b-spectra,46.612,d,Non-Medical
Dy-166,0.4869,b-spectra,81.6,h,Non-Medical
Be-7,0.477603,gamma,53.22,d,Non-Medical
Yb-175,0.4688,b-spectra,4.185,d,Non-Medical
Lu-177m,0.465842,gamma,160.4,d,Non-Medical
Rb-84m,0.46362,gamma,20.26,m,Non-Medical
U-237,0.45906,b-spectra,6.75,d,Non-Medical
Hf-179m,0.45359,gamma,25.05,d,Non-Medical
Au-199,0.4526,b-spectra,3.139,d,Non-Medical
Ir-189,0.4385,gamma,13.2,d,Non-Medical
Hg-192,0.4367,gamma,4.85,h,Non-Medical
Tc-99m,0.43618,b-spectra,6.015,h,Medical - Imaging
Hf-175,0.433,gamma,70,d,Non-Medical
W-185,0.433,b-spectra,75.1,d,Non-Medical
Ta-178m,0.42636,gamma,2.36,h,Non-Medical
Rh-101,0.42219,gamma,3.3,y,Non-Medical
Xe-122,0.416633,gamma,20.1,h,Non-Medical
Hg-199m,0.4134,gamma,42.66,m,Non-Medical
Hg-197m,0.4091,gamma,23.8,h,Non-Medical
Re-183,0.406593,gamma,70,d,Non-Medical
Zr-88,0.3929,gamma,83.4,d,Non-Medical
In-113m,0.391698,gamma,1.6579,h,Non-Medical
Sn-121,0.39,b-spectra,27.03,h,Non-Medical
Th-231,0.3895,b-spectra,25.52,h,Non-Medical
Sr-87m,0.388531,gamma,2.815,h,Non-Medical
Er-156,0.38737,gamma,19.5,m,Non-Medical
Xe-133,0.383851,gamma,5.243,d,Medical - Imaging
Ba-133,0.383848,gamma,10.52,y,Non-Medical
U-240,0.38,b-spectra,14.1,h,Non-Medical
Ba-128,0.37499,gamma,2.43,d,Non-Medical
Pu-246,0.371,b-spectra,10.84,d,Non-Medical
Dy-159,0.3635,gamma,144.4,d,Non-Medical
Sn-121m,0.35915,b-spectra,43.9,y,Non-Medical
Ta-182m,0.35647,gamma,15.84,m,Non-Medical
Ce-134,0.35554,gamma,3.16,d,Non-Medical
Ra-225,0.354,b-spectra,14.9,d,Non-Medical
Er-169,0.3509,b-spectra,9.4,d,Non-Medical
W-188,0.349,b-spectra,69.78,d,Non-Medical
Zn-72,0.3388,b-spectra,46.5,h,Non-Medical
Au-198m,0.33382,gamma,2.27,d,Non-Medical
Cr-51,0.320082,gamma,27.7025,d,Non-Medical
Cd-113,0.32001,b-spectra,7.7E+15,y,Non-Medical
Ce-144,0.3187,b-spectra,284.91,d,Non-Medical
Au-195m,0.3186,gamma,30.5,s,Non-Medical
Au-196m,0.31619,gamma,9.6,h,Non-Medical
Sn-117m,0.3143,gamma,13.76,d,Non-Medical
Tc-99,0.2935,b-spectra,211100,y,Non-Medical
Au-193m,0.2898,gamma,3.9,s,Non-Medical
W-179m,0.2889,gamma,6.4,m,Non-Medical
Rb-87,0.2833,b-spectra,49230000000,y,Non-Medical
Sn-110,0.283,gamma,4.11,h,Non-Medical
Kr-81,0.27599,gamma,229000,y,Non-Medical
Hf-182,0.270405,gamma,9000000,y,Non-Medical
Pd-112,0.2695,b-spectra,21.03,h,Non-Medical
Cs-135,0.2694,b-spectra,2300000,y,Non-Medical
Hg-197,0.26871,gamma,64.94,h,Non-Medical
Ba-135m,0.268218,gamma,28.7,h,Non-Medical
Ca-45,0.2568,b-spectra,162.67,d,Non-Medical
Eu-155,0.2522,b-spectra,4.7611,y,Non-Medical
Ni-66,0.252,b-spectra,54.6,h,Non-Medical
Sn-126,0.2501,b-spectra,230000,y,Non-Medical
P-33,0.2485,b-spectra,25.34,d,Non-Medical
Te-123m,0.2474,gamma,119.25,d,Non-Medical
Se-79m,0.24677,b-spectra,3.92,m,Non-Medical
Cd-111m,0.245395,gamma,48.5,m,Non-Medical
In-111,0.24535,gamma,2.8047,d,Medical - Imaging
Te-132,0.24014,b-spectra,3.204,d,Non-Medical
Pt-195m,0.2395,gamma,4.02,d,Non-Medical
Xe-133m,0.233221,gamma,2.19,d,Non-Medical
Pm-147,0.2246,b-spectra,2.6234,y,Non-Medical
Si-32,0.2245,b-spectra,132,y,Non-Medical
Au-195,0.21136,gamma,186.098,d,Non-Medical
Er-167m,0.207801,gamma,2.269,s,Non-Medical
Ir-190n,0.205206,gamma,3.087,h,Non-Medical
Hf-172,0.1989,gamma,1.87,y,Non-Medical
Xe-129m,0.19656,gamma,8.88,d,Non-Medical
Th-234,0.19497,b-spectra,24.1,d,Non-Medical
Kr-81m,0.19046,gamma,13.1,s,Medical - Imaging
Pd-109m,0.1889,gamma,4.69,m,Non-Medical
W-185m,0.18788,gamma,1.597,m,Non-Medical
Fe-60,0.1774,b-spectra,1500000,y,Non-Medical
Gd-153,0.172853,gamma,240.4,d,Non-Medical
Xe-127m,0.1725,gamma,69.2,s,Non-Medical
Re-188m,0.16954,gamma,18.59,m,Non-Medical
Tl-201,0.16743,gamma,72.912,h,Medical - Imaging
S-35,0.16714,b-spectra,87.51,d,Non-Medical
Ce-139,0.165858,gamma,137.641,d,Non-Medical
Xe-131m,0.16393,gamma,11.84,d,Non-Medical
Se-77m,0.162,gamma,17.36,s,Non-Medical
Pd-100,0.15887,gamma,3.63,d,Non-Medical
C-14,0.15648,b-spectra,5700,y,Non-Medical
In-112m,0.1564,gamma,20.56,m,Non-Medical
Ir-192n,0.15516,gamma,241,y,Non-Medical
I-129,0.15442,b-spectra,15700000,y,Non-Medical
W-181,0.15232,gamma,121.2,d,Non-Medical
Se-79,0.151,b-spectra,295000,y,Non-Medical
Re-186m,0.146273,gamma,200000,y,Non-Medical
Ti-44,0.14622,gamma,60,y,Non-Medical
Te-125m,0.14478,gamma,57.4,d,Non-Medical
Os-191,0.14242,b-spectra,15.4,d,Non-Medical
Cs-134m,0.138733,gamma,2.903,h,Non-Medical
Pt-193m,0.1355,gamma,4.33,d,Non-Medical
W-179,0.1339,gamma,37.05,m,Non-Medical
Ir-191m,0.129431,gamma,4.94,s,Non-Medical
Fe-55,0.126,gamma,2.737,y,Non-Medical
Ba-131m,0.10845,gamma,14.6,m,Non-Medical
Br-77m,0.10587,gamma,4.28,m,Non-Medical
Eu-154m,0.10088,gamma,46,m,Non-Medical
Os-194,0.0966,b-spectra,6,y,Non-Medical
Tc-97m,0.0965,gamma,90.1,d,Non-Medical
Tm-171,0.0964,b-spectra,1.92,y,Non-Medical
Ho-164m,0.094,gamma,38,m,Non-Medical
Zr-93,0.0914,b-spectra,1530000,y,Non-Medical
Eu-152n,0.089847,gamma,96,m,Non-Medical
Tb-156n,0.0884,gamma,5.3,h,Non-Medical
Ag-109m,0.0880336,gamma,39.6,s,Non-Medical
Cd-109,0.0880336,gamma,461.4,d,Non-Medical
Yb-166,0.08229,gamma,56.7,h,Non-Medical
Ir-193m,0.08022,gamma,10.53,d,Non-Medical
Sn-113m,0.077389,gamma,21.4,m,Non-Medical
Sm-151,0.0767,b-spectra,90,y,Non-Medical
Sb-122m,0.0760595,gamma,4.191,m,Non-Medical
Os-191m,0.07438,gamma,13.1,h,Non-Medical
Lu-171m,0.0711,gamma,79,s,Non-Medical
W-178,0.0675587,X,21.6,d,Non-Medical
Ni-63,0.06695,b-spectra,100.1,y,Non-Medical
Sn-119m,0.06566,gamma,293.1,d,Non-Medical
Ta-179,0.0654766,X,1.82,y,Non-Medical
Ho-168m,0.059,gamma,132,s,Non-Medical
Er-165,0.0556705,X,10.36,h,Non-Medical
Tb-157,0.0545,gamma,71,y,Non-Medical
As-73,0.053437,gamma,80.3,d,Non-Medical
Tb-156m,0.04963,gamma,24.4,h,Non-Medical
Br-80m,0.04885,gamma,4.4205,h,Non-Medical
Se-72,0.046,gamma,8.4,d,Non-Medical
Nd-140,0.0419856,X,3.37,d,Non-Medical
Lu-172m,0.04186,gamma,3.7,m,Non-Medical
Rh-103m,0.039755,gamma,56.114,m,Non-Medical
Ra-228,0.03962,b-spectra,5.75,y,Non-Medical
Ru-106,0.0394,b-spectra,373.59,d,Non-Medical
La-137,0.037427,X,60000,y,Non-Medical
I-125,0.0354922,gamma,59.4,d,Non-Medical
Cs-131,0.034545,X,9.689,d,Non-Medical
Pd-107,0.0341,b-spectra,6500000,y,Non-Medical
Kr-83m,0.0321498,gamma,1.83,h,Non-Medical
Os-189m,0.03081,gamma,5.8,h,Non-Medical
Nb-93m,0.03077,gamma,16.13,y,Non-Medical
Te-118,0.030472,X,6,d,Non-Medical
Te-123,0.030472,X,6E+14,y,Non-Medical
Sb-119,0.0291782,X,38.19,h,Non-Medical
Lu-169m,0.029,gamma,160,s,Non-Medical
Ir-190m,0.0263,gamma,1.12,h,Non-Medical
Sb-124n,0.02598,gamma,20.2,m,Non-Medical
Co-58m,0.024889,gamma,9.04,h,Non-Medical
Tc-97,0.0199582,X,2600000,y,Non-Medical
Mo-93,0.0189422,X,4000,y,Non-Medical
H-3,0.01859,b-spectra,12.32,y,Non-Medical
Pb-205,0.0153257,X,15300000,y,Non-Medical
Sr-82,0.0151392,X,25.36,d,Non-Medical
Hg-194,0.0143255,X,440,y,Non-Medical
Pt-193,0.0133892,X,50,y,Non-Medical
Ge-68,0.0103261,X,270.95,d,Non-Medical
Ge-71,0.0103261,X,11.43,d,Non-Medical
Mn-53,0.00595124,X,3700000,y,Non-Medical
V-49,0.00493226,X,330,d,Non-Medical
Pr-142m,0.003683,gamma,14.6,m,Non-Medical
Ca-41,0.00355983,X,102000,y,Non-Medical
Ar-37,0.00279262,X,35.04,d,Non-Medical
Re-187,0.00247,b-spectra,41200000000,y,Non-Medical
Ho-163,0.00153871,auger,4570,y,Non-Medical
U-235m,7.65E-05,gamma,26,m,Non-Medical
